galaxy,log_a0,sigma_log_a0
CamB,-11.649999999999995,inf
D512-2,-10.249999999999975,0.4142847731699826
D564-8,-10.499999999999979,0.15540482877201445
D631-7,-10.149999999999974,0.07748307676422339
DDO064,-10.049999999999972,0.3408920701135436
DDO154,-9.999999999999972,0.0641356455885953
DDO161,-8.299999999999947,0.5744716488506336
DDO168,-9.94999999999997,0.16201657776658607
DDO170,-10.59999999999998,0.26350957531549657
ESO079-G014,-9.749999999999968,0.2646443736061661
ESO116-G012,-9.449999999999964,0.333772733219325
ESO444-G084,-9.299999999999962,0.34181022600162425
ESO563-G021,-9.84999999999997,0.08822709089598657
F561-1,-11.499999999999993,inf
F563-1,-9.749999999999968,0.4034668352612929
F563-V1,-11.799999999999997,inf
F563-V2,-9.449999999999964,0.6532964682999856
F565-V2,-9.749999999999968,0.27822118078203406
F567-2,-10.449999999999978,1.1753984403267612
F568-1,-9.399999999999963,0.3693190933150614
F568-3,-10.049999999999972,0.4338789567100907
F568-V1,-9.549999999999965,0.40445186643381703
F571-8,-8.199999999999946,0.20270435291596822
F571-V1,-10.099999999999973,0.6169489186790198
F574-1,-10.049999999999972,0.21043314790116696
F574-2,-12.0,inf
F579-V1,-12.0,inf
F583-1,-9.999999999999972,0.27290274609644527
F583-4,-10.099999999999973,0.3369856075953548
IC2574,-10.149999999999974,0.0654775738256399
IC4202,-9.999999999999972,0.2030825969697938
KK98-251,-10.849999999999984,0.3634023349822195
NGC0024,-9.84999999999997,0.09193756121115104
NGC0055,-10.199999999999974,0.06500460056771207
NGC0100,-9.599999999999966,0.33921602809873264
NGC0247,-10.449999999999978,0.1330742649268748
NGC0289,-10.499999999999979,0.1736881726888928
NGC0300,-9.499999999999964,0.422256616803133
NGC0801,-10.54999999999998,0.06416470806845176
NGC0891,-9.599999999999966,0.04706794824737148
NGC1003,-8.049999999999944,0.225909418951022
NGC1090,-10.149999999999974,0.14746198584206294
NGC1705,-9.449999999999964,0.11227456781634082
NGC2366,-10.249999999999975,0.0886647524610078
NGC2403,-9.549999999999965,0.0031953533386870347
NGC2683,-10.199999999999974,0.09404445707396292
NGC2841,-9.84999999999997,0.0556752380354979
NGC2903,-9.249999999999961,0.10379802347021627
NGC2915,-9.399999999999963,0.10714824232538245
NGC2955,-9.84999999999997,0.13904645743910926
NGC2976,-12.0,inf
NGC2998,-10.349999999999977,0.10141607023021582
NGC3109,-9.749999999999968,0.07628436533614469
NGC3198,-9.89999999999997,0.07199955147826653
NGC3521,-9.84999999999997,0.12162130706747121
NGC3726,-10.099999999999973,0.15064603523431241
NGC3741,-9.84999999999997,0.07576149486006312
NGC3769,-9.94999999999997,0.1453994892205408
NGC3877,-10.199999999999974,0.30605689932582614
NGC3893,-9.699999999999967,0.1412226613072347
NGC3917,-10.249999999999975,0.18066295512405883
NGC3949,-9.94999999999997,0.2668170861359247
NGC3953,-10.749999999999982,0.4275831533982606
NGC3972,-9.749999999999968,0.18803820399016846
NGC3992,-10.249999999999975,0.09637640346800058
NGC4010,-9.84999999999997,0.17033712280602842
NGC4013,-9.84999999999997,0.08547502761407344
NGC4051,-10.59999999999998,0.5406049484623665
NGC4068,-10.59999999999998,0.3035938139949037
NGC4085,-9.799999999999969,0.20852681050494493
NGC4088,-10.099999999999973,0.14936179730733556
NGC4100,-10.149999999999974,0.09474486409190064
NGC4138,-10.049999999999972,0.21071856054825933
NGC4157,-9.94999999999997,0.12177189841388003
NGC4183,-10.499999999999979,0.14320239421337444
NGC4214,-8.999999999999957,0.8148746320992446
NGC4217,-9.399999999999963,0.1771013518147928
NGC4389,-10.499999999999979,0.38654152196988445
NGC4559,-9.89999999999997,0.29697158601482343
NGC5005,-9.799999999999969,0.22989527211464722
NGC5033,-9.89999999999997,0.10365914688405198
NGC5055,-9.749999999999968,0.057652675893876015
NGC5371,-10.699999999999982,0.09543097793752953
NGC5585,-9.14999999999996,0.6161810054526216
NGC5907,-10.349999999999977,0.03418035304690914
NGC5985,-10.499999999999979,0.08413803807178422
NGC6015,-10.449999999999978,0.09474078389900242
NGC6195,-10.049999999999972,0.1062488288246648
NGC6503,-9.799999999999969,0.04108731370517482
NGC6674,-10.449999999999978,0.08054323820007081
NGC6789,-9.19999999999996,0.2978799855697858
NGC6946,-9.94999999999997,0.09977182454316846
NGC7331,-9.749999999999968,0.06231949541366966
NGC7793,-10.249999999999975,0.21935279102554084
NGC7814,-9.549999999999965,0.055701144917644996
PGC51017,-12.0,inf
UGC00128,-10.64999999999998,0.11840286793395283
UGC00191,-10.64999999999998,0.24126146451124875
UGC00634,-9.94999999999997,0.4069972658701806
UGC00731,-10.249999999999975,0.3491142570575816
UGC00891,-9.299999999999962,0.62317033631144
UGC01230,-12.0,inf
UGC01281,-9.94999999999997,0.07944512582833685
UGC02023,-10.399999999999977,1.5202315520291245
UGC02259,-10.749999999999982,0.22808421468529438
UGC02455,-8.799999999999955,0.6861907524717621
UGC02487,-10.299999999999976,0.0712965997656747
UGC02885,-9.94999999999997,0.1003929191343067
UGC02916,-10.749999999999982,0.20324123321491339
UGC02953,-9.94999999999997,0.06730587874511862
UGC03205,-10.149999999999974,0.08352740469021391
UGC03546,-9.84999999999997,0.10407168491668095
UGC03580,-8.599999999999952,0.08830018951676255
UGC04278,-9.499999999999964,0.39934340811348346
UGC04305,-12.0,inf
UGC04325,-10.899999999999984,0.7832175541400916
UGC04483,-10.399999999999977,0.1397154644594929
UGC04499,-10.249999999999975,0.3227593011728205
UGC05005,-10.199999999999974,0.458690968290548
UGC05253,-9.599999999999966,0.08383177175581746
UGC05414,-10.149999999999974,0.34784113878752265
UGC05716,-10.249999999999975,0.3057438196708633
UGC05721,-9.549999999999965,0.2671922402607958
UGC05750,-10.349999999999977,0.2930146464728489
UGC05764,-11.199999999999989,0.1290562131897337
UGC05829,-9.999999999999972,0.6224354476723768
UGC05918,-10.099999999999973,0.3532233256772068
UGC05986,-9.449999999999964,0.27716255431888204
UGC05999,-9.84999999999997,0.9740352202356206
UGC06399,-9.84999999999997,0.16690241620964574
UGC06446,-10.199999999999974,0.283484017552909
UGC06614,-9.399999999999963,0.4046895931268555
UGC06628,-12.0,inf
UGC06667,-9.549999999999965,0.142256528428792
UGC06786,-9.049999999999958,0.1689637087125453
UGC06787,-9.94999999999997,0.02903348369709491
UGC06818,-10.099999999999973,0.17924978359896393
UGC06917,-9.89999999999997,0.16802803112248466
UGC06923,-10.049999999999972,0.1933036671686441
UGC06930,-10.399999999999977,0.35303863316924655
UGC06973,-8.999999999999957,0.07126820134355594
UGC06983,-9.999999999999972,0.15186084874139727
UGC07089,-10.299999999999976,0.1870654611382898
UGC07125,-10.849999999999984,0.3075953334112089
UGC07151,-10.299999999999976,0.12797401295612332
UGC07232,-9.84999999999997,0.20052189024645717
UGC07261,-10.249999999999975,0.670662100429186
UGC07323,-10.099999999999973,0.3750405139163009
UGC07399,-9.249999999999961,0.284235944644073
UGC07524,-10.349999999999977,0.14239408685977128
UGC07559,-10.59999999999998,0.1592170484610449
UGC07577,-11.649999999999995,inf
UGC07603,-9.499999999999964,0.31599575144969627
UGC07608,-9.649999999999967,0.7988124583941492
UGC07690,-10.54999999999998,0.358573683025603
UGC07866,-10.499999999999979,0.2563741389025651
UGC08286,-9.999999999999972,0.05819658872648059
UGC08490,-9.94999999999997,0.11950896261918054
UGC08550,-9.94999999999997,0.2770506198584748
UGC08699,-9.94999999999997,0.12096668575862068
UGC08837,-10.59999999999998,0.12436037478547668
UGC09037,-9.84999999999997,0.13901261134804255
UGC09133,-10.099999999999973,0.06305730853446434
UGC09992,-11.049999999999986,inf
UGC10310,-10.299999999999976,0.5173116821054311
UGC11455,-9.799999999999969,0.09888228423758338
UGC11557,-10.149999999999974,0.7753470441042065
UGC11820,-10.049999999999972,0.39897913652232564
UGC11914,-9.19999999999996,0.12449379365604685
UGC12506,-10.499999999999979,0.11631713755146755
UGC12632,-10.749999999999982,0.34689098389867823
UGC12732,-10.399999999999977,0.36770239825630835
UGCA281,-10.149999999999974,0.13081788556364327
UGCA442,-9.799999999999969,0.15385226234977534
UGCA444,-10.249999999999975,0.07571554381887946
