galaxy,chi2nu_nfw_run,chi2nu_nfw_published,log_c_run,log_c_published,log_M200_run,log_M200_published,chi2nu_lcdm_run,chi2nu_lcdm_published,chi2nu_mond_run,chi2nu_mond_published,Yd_mond_run,Yd_mond_published,dBIC_run,dBIC_published,same_preferred_model
CamB,8.64,8.64,0.14,0.18,9.73,9.63,11.79,11.79,21.25,20.62,0.12,0.12,-88.6,-84.8,1
D512-2,0.62,0.62,0.61,0.54,10.80,10.95,1.23,1.23,0.35,0.35,0.48,0.48,+3.0,+3.0,1
D564-8,3.73,3.73,0.23,0.27,10.95,10.89,11.42,11.42,2.72,2.72,0.38,0.38,-0.9,-0.9,1
D631-7,5.98,6.00,0.09,0.10,12.59,12.57,6.53,6.53,12.79,12.85,0.20,0.20,-94.9,-95.6,1
DDO064,0.67,0.67,0.33,0.36,12.00,12.00,1.09,1.09,0.34,0.34,0.49,0.49,+7.6,+7.6,1
DDO154,13.64,13.64,0.69,0.69,10.82,10.83,13.90,13.90,3.45,3.45,0.20,0.20,+69.4,+69.4,1
DDO161,1.02,1.02,0.30,0.27,11.49,11.53,1.24,1.24,1.42,1.42,0.24,0.24,-6.3,-6.3,1
DDO168,14.27,14.27,0.19,0.17,13.13,13.20,14.68,14.68,17.90,17.90,0.46,0.45,-49.4,-49.4,1
DDO170,4.32,4.32,0.72,0.72,10.73,10.75,4.52,4.52,4.82,4.82,0.79,0.78,-7.0,-7.0,1
ESO079-G014,4.67,4.67,0.37,0.33,12.90,12.96,4.95,4.95,3.79,3.79,0.53,0.54,+6.6,+6.6,1
ESO116-G012,3.02,3.02,0.80,0.77,11.81,11.85,3.03,3.03,2.37,2.37,0.35,0.36,+7.2,+7.2,1
ESO444-G084,1.49,1.49,0.74,0.74,11.47,11.49,1.75,1.75,3.33,3.33,0.41,0.42,-6.4,-6.4,1
ESO563-G021,19.05,19.05,0.14,0.13,13.84,13.85,19.38,19.38,17.83,17.83,0.61,0.61,+1.6,+1.6,1
F561-1,1.20,1.20,0.95,0.87,9.72,9.84,1.21,1.21,1.63,1.63,0.53,0.52,-0.1,-0.1,1
F563-1,1.34,1.34,0.85,0.85,11.51,11.49,1.34,1.34,1.47,1.47,0.64,0.66,+1.1,+1.1,1
F563-V1,0.99,0.99,0.54,0.52,9.18,9.08,1.61,1.61,0.90,0.91,0.46,0.46,+1.9,+1.8,1
F563-V2,1.90,1.90,0.57,0.58,12.32,12.24,1.98,1.98,1.01,1.01,0.60,0.60,+7.1,+7.1,1
F565-V2,0.94,0.94,0.38,0.34,12.31,12.51,1.98,1.98,0.42,0.42,0.51,0.51,+4.1,+4.1,1
F567-2,1.78,1.78,0.76,0.78,10.29,10.31,1.76,1.76,2.27,2.27,0.56,0.55,+0.5,+0.5,1
F568-1,1.19,1.19,0.63,0.65,12.74,12.65,1.20,1.20,1.24,1.24,0.65,0.65,+2.2,+2.2,1
F568-3,3.88,3.88,0.13,0.12,12.54,12.58,4.34,4.34,3.07,3.07,0.46,0.46,+10.3,+10.3,1
F568-V1,0.28,0.28,1.17,1.16,11.30,11.25,0.31,0.31,0.95,0.95,0.78,0.78,-3.2,-3.2,1
F571-8,4.31,4.31,0.98,0.96,12.42,12.48,4.47,4.48,43.82,43.82,0.23,0.23,-398.6,-398.5,1
F571-V1,0.78,0.78,0.46,0.49,11.55,11.50,1.04,1.04,0.26,0.26,0.51,0.49,+4.4,+4.4,1
F574-1,2.18,2.18,0.87,0.88,11.41,11.42,2.19,2.19,2.36,2.36,0.72,0.72,-1.1,-1.1,1
F574-2,0.13,0.13,0.49,0.53,9.38,9.34,0.40,0.40,0.08,0.08,0.49,0.48,+3.2,+3.2,1
F579-V1,0.25,0.25,1.33,1.34,10.75,10.80,0.34,0.34,3.05,3.05,0.67,0.66,-26.0,-26.0,1
F583-1,1.78,1.78,0.67,0.68,11.58,11.56,1.75,1.75,1.99,1.99,0.97,0.98,-1.8,-1.8,1
F583-4,0.21,0.21,0.47,0.46,11.66,11.72,0.35,0.35,0.14,0.14,0.48,0.49,+5.2,+5.2,1
IC2574,37.13,37.14,0.00,0.00,11.69,11.69,37.10,37.19,2.91,2.91,0.10,0.10,+993.5,+993.8,1
IC4202,20.53,20.54,1.37,1.36,11.94,11.94,20.62,20.53,32.28,32.28,0.96,0.95,-363.1,-362.7,1
KK98-251,1.51,1.51,0.10,0.11,10.15,10.13,4.04,4.04,1.11,1.11,0.44,0.44,+7.3,+7.3,1
NGC0024,0.92,0.92,1.27,1.28,11.03,11.03,0.80,0.80,0.76,0.76,1.01,1.02,+9.2,+9.2,1
NGC0055,2.84,2.84,0.27,0.28,12.25,12.23,3.00,3.00,1.49,1.49,0.17,0.18,+24.7,+24.8,1
NGC0100,0.89,0.89,0.30,0.29,12.65,12.68,1.04,1.04,1.11,1.11,0.30,0.29,+0.5,+0.5,1
NGC0247,2.02,2.02,0.75,0.74,11.46,11.46,2.07,2.07,3.14,3.14,0.76,0.76,-23.3,-23.3,1
NGC0289,1.95,1.95,0.71,0.70,11.79,11.81,2.04,2.04,2.05,2.05,0.90,0.90,+0.4,+0.4,1
NGC0300,0.74,0.74,0.77,0.74,11.61,11.58,0.74,0.74,0.89,0.89,0.40,0.40,+1.8,+1.8,1
NGC0801,6.77,6.77,0.16,0.18,12.62,12.61,7.78,7.78,21.16,21.06,0.57,0.57,-152.3,-151.3,1
NGC0891,3.42,3.31,1.36,1.36,11.81,11.81,4.06,4.16,7.85,7.86,0.33,0.33,-63.1,-64.6,1
NGC1003,2.48,2.48,0.54,0.55,11.70,11.70,2.48,2.48,4.82,4.82,0.37,0.37,-75.2,-75.2,1
NGC1090,2.72,2.72,1.02,1.03,11.67,11.67,2.75,2.75,2.50,2.50,0.75,0.75,+5.7,+5.7,1
NGC1705,0.15,0.15,1.58,1.58,10.30,10.30,0.44,0.44,0.39,0.39,1.24,1.23,+2.4,+2.4,1
NGC2366,3.50,3.50,0.35,0.38,11.70,11.61,3.66,3.66,1.83,1.83,0.26,0.26,+37.8,+37.8,1
NGC2403,8.98,8.97,1.27,1.27,11.39,11.40,9.02,9.02,13.91,13.91,0.50,0.50,-354.5,-355.3,1
NGC2683,1.50,1.50,1.31,1.30,11.48,11.50,1.79,1.79,2.83,2.83,0.53,0.53,-7.5,-7.5,1
NGC2841,1.48,1.48,0.75,0.75,12.59,12.59,1.48,1.48,1.52,1.52,0.76,0.76,+3.1,+3.1,1
NGC2903,6.34,6.34,1.69,1.68,11.41,11.42,6.52,6.52,8.84,8.84,0.26,0.26,-83.1,-83.1,1
NGC2915,0.97,0.97,1.21,1.21,10.89,10.87,1.01,1.01,2.26,2.26,0.81,0.81,-30.1,-30.1,1
NGC2955,4.02,4.02,1.09,1.09,12.30,12.30,4.19,4.19,4.13,4.13,0.35,0.35,-3.8,-3.8,1
NGC2976,0.84,0.84,0.27,0.25,9.49,9.70,1.21,1.20,1.30,1.30,0.35,0.35,-6.2,-6.2,1
NGC2998,3.05,3.05,1.10,1.13,11.92,11.91,3.40,3.40,3.50,3.50,0.83,0.83,-5.4,-5.4,1
NGC3109,9.91,9.91,0.04,0.04,12.75,12.74,10.57,10.57,3.88,3.88,0.23,0.23,+119.4,+119.4,1
NGC3198,1.46,1.46,1.02,1.02,11.63,11.63,1.46,1.46,2.10,2.10,0.74,0.74,-21.0,-21.0,1
NGC3521,0.25,0.25,0.41,0.39,13.32,13.40,0.29,0.29,0.51,0.51,0.42,0.42,-3.1,-3.1,1
NGC3726,2.73,2.73,0.22,0.24,12.78,12.71,3.34,3.34,2.95,2.95,0.45,0.46,-2.5,-2.5,1
NGC3741,0.41,0.41,0.55,0.54,11.21,11.23,0.52,0.52,0.74,0.74,0.32,0.32,-0.6,-0.6,1
NGC3769,0.94,0.94,1.05,1.03,11.36,11.36,0.98,0.98,0.96,0.96,0.40,0.41,+2.9,+2.9,1
NGC3877,5.91,5.91,1.27,1.28,11.50,11.50,6.34,6.34,8.75,8.75,0.45,0.45,-35.1,-35.1,1
NGC3893,1.01,1.01,1.22,1.21,11.70,11.72,1.50,1.50,1.07,1.07,0.44,0.43,+2.2,+2.2,1
NGC3917,3.34,3.34,0.25,0.26,12.45,12.39,4.11,4.11,3.25,3.25,0.59,0.60,+0.2,+0.2,1
NGC3949,0.75,0.75,0.61,0.62,12.69,12.62,0.74,0.74,0.58,0.58,0.43,0.43,+3.1,+3.1,1
NGC3953,0.51,0.51,1.10,1.10,11.45,11.46,0.89,0.89,3.21,3.21,0.58,0.57,-10.4,-10.4,1
NGC3972,1.80,1.80,0.48,0.52,12.96,12.86,1.81,1.81,1.76,1.76,0.50,0.50,+1.2,+1.2,1
NGC3992,0.72,0.72,1.25,1.22,12.04,12.04,1.08,1.08,3.21,3.21,0.75,0.75,-12.0,-12.0,1
NGC4010,3.09,3.09,0.33,0.35,13.10,13.06,3.21,3.21,2.60,2.60,0.38,0.37,+3.2,+3.2,1
NGC4013,0.80,0.80,0.22,0.23,12.99,12.97,0.97,0.97,1.74,1.74,0.32,0.32,-24.5,-24.5,1
NGC4051,1.72,1.72,1.08,1.02,10.92,11.02,2.04,2.04,2.52,2.52,0.45,0.44,-2.7,-2.7,1
NGC4068,7.17,7.17,0.29,0.30,11.16,11.15,13.20,13.20,1.89,1.89,0.40,0.40,+5.1,+5.1,1
NGC4085,9.80,9.80,0.48,0.50,13.40,13.39,9.87,9.87,6.64,6.64,0.36,0.36,-3.1,-3.1,1
NGC4088,0.58,0.58,0.36,0.32,12.75,12.84,0.68,0.68,0.68,0.68,0.38,0.38,+2.9,+2.9,1
NGC4100,0.99,0.99,1.28,1.27,11.52,11.52,1.08,1.08,1.63,1.63,0.72,0.71,-8.9,-8.9,1
NGC4138,4.49,4.49,1.38,1.38,11.25,11.24,5.98,5.98,2.29,2.29,0.54,0.53,+1.5,+1.5,1
NGC4157,0.49,0.49,0.36,0.37,12.85,12.87,0.59,0.59,0.72,0.72,0.41,0.42,+1.6,+1.6,1
NGC4183,0.20,0.20,1.07,1.07,11.13,11.13,0.20,0.20,1.13,1.13,0.81,0.82,-12.9,-12.9,1
NGC4214,0.66,0.66,1.42,1.55,10.91,10.89,0.97,0.97,1.23,1.23,0.46,0.46,-2.3,-2.3,1
NGC4217,3.63,3.68,0.94,0.95,12.22,12.18,3.55,3.55,2.62,2.62,1.01,1.01,+13.7,+14.4,1
NGC4389,21.90,21.89,0.33,0.30,12.49,12.51,21.84,21.84,7.85,7.85,0.29,0.30,+1.9,+1.9,1
NGC4559,0.24,0.24,1.05,1.07,11.36,11.35,0.27,0.27,0.50,0.50,0.51,0.51,-0.9,-0.9,1
NGC5005,0.10,0.10,0.74,0.65,12.84,12.97,0.10,0.10,0.11,0.11,0.52,0.51,+5.5,+5.5,1
NGC5033,3.51,3.51,1.42,1.43,11.78,11.78,3.44,3.44,7.89,7.89,0.96,0.96,-79.7,-79.7,1
NGC5055,2.58,2.58,1.10,1.11,11.72,11.74,2.53,2.53,8.17,8.17,0.51,0.51,-138.1,-138.1,1
NGC5371,5.06,5.06,1.54,1.55,11.65,11.64,5.17,5.17,12.30,12.29,2.44,2.43,-120.1,-119.9,1
NGC5585,6.65,6.65,1.01,0.97,11.37,11.40,6.66,6.66,6.79,6.79,0.23,0.23,-10.0,-10.0,1
NGC5907,5.24,5.24,1.38,1.38,11.87,11.87,5.73,5.73,17.01,17.01,0.61,0.61,-193.0,-193.0,1
NGC5985,1.92,1.92,1.74,1.75,11.96,11.95,2.49,2.49,6.90,7.10,0.64,0.55,-141.5,-147.0,1
NGC6015,8.76,8.76,1.35,1.35,11.40,11.40,8.87,8.87,10.75,10.75,1.05,1.06,-91.5,-91.5,1
NGC6195,2.08,2.08,0.30,0.28,13.16,13.20,2.10,2.10,2.20,2.20,0.31,0.31,-0.1,-0.1,1
NGC6503,1.55,1.55,1.16,1.16,11.22,11.22,1.56,1.56,3.09,3.09,0.44,0.44,-39.4,-39.4,1
NGC6674,2.79,2.90,0.03,0.04,12.88,12.89,4.17,4.17,10.11,10.11,0.88,0.89,-80.7,-79.6,1
NGC6789,4.07,4.07,0.80,0.78,12.63,12.64,4.23,4.23,6.18,6.18,0.62,0.63,+0.7,+0.7,1
NGC6946,1.68,1.68,1.01,1.02,11.70,11.69,1.68,1.68,1.46,1.46,0.58,0.58,+16.5,+16.5,1
NGC7331,0.81,0.81,0.86,0.86,12.39,12.39,0.80,0.80,1.34,1.34,0.29,0.29,-11.6,-11.6,1
NGC7793,0.90,0.90,0.70,0.68,11.31,11.31,0.92,0.92,0.81,0.81,0.56,0.55,+9.8,+9.8,1
NGC7814,0.55,0.55,1.23,1.23,11.91,11.90,0.64,0.64,1.62,1.62,1.19,1.18,-10.2,-10.2,1
PGC51017,7.80,7.80,0.27,0.27,8.79,8.78,7.57,7.55,52.23,52.73,0.15,0.15,-145.3,-146.8,1
UGC00128,3.57,3.57,0.96,0.96,11.60,11.60,3.57,3.57,6.33,6.33,2.48,2.47,-53.3,-53.3,1
UGC00191,5.94,5.94,0.87,0.89,10.94,10.95,6.06,6.06,3.79,3.79,1.14,1.14,+5.4,+5.4,1
UGC00634,5.53,5.53,0.64,0.66,11.50,11.48,6.90,6.90,2.33,2.33,0.49,0.48,+6.0,+6.0,1
UGC00731,0.46,0.46,0.99,1.00,10.76,10.79,0.44,0.44,5.97,5.97,2.71,2.60,-45.6,-45.6,1
UGC00891,9.07,9.07,0.25,0.20,12.31,12.39,10.96,10.96,24.04,24.04,0.35,0.34,-35.8,-35.8,1
UGC01230,1.62,1.62,0.84,0.82,10.56,10.53,1.62,1.62,3.10,3.10,0.79,0.78,-10.3,-10.3,1
UGC01281,1.08,1.08,0.21,0.21,12.42,12.44,1.46,1.46,0.26,0.25,0.41,0.41,+22.3,+22.4,1
UGC02023,2.14,2.14,0.42,0.48,11.06,10.78,2.42,2.42,1.11,1.11,0.48,0.49,+3.1,+3.1,1
UGC02259,1.40,1.40,1.32,1.31,10.72,10.71,1.60,1.60,7.55,7.55,1.18,1.21,-29.4,-29.4,1
UGC02455,5.02,6.63,0.78,0.50,13.02,12.96,5.03,6.82,6.89,6.89,0.29,0.30,-15.2,-10.4,1
UGC02487,5.24,5.24,1.08,1.08,12.40,12.43,5.12,5.12,4.30,4.30,1.68,1.66,+7.4,+7.4,1
UGC02885,0.99,0.99,0.62,0.65,12.77,12.74,1.00,1.00,0.91,0.91,0.44,0.45,+5.1,+5.1,1
UGC02916,11.37,11.37,1.21,1.22,11.90,11.90,11.38,11.38,11.92,11.92,1.34,1.36,-36.8,-36.8,1
UGC02953,5.64,5.64,1.02,1.02,12.30,12.30,5.63,5.63,5.74,5.74,0.53,0.53,-13.6,-13.6,1
UGC03205,3.06,3.07,1.73,1.73,11.63,11.62,3.59,3.59,3.80,3.80,0.64,0.64,-31.0,-30.8,1
UGC03546,0.95,0.95,1.26,1.25,11.76,11.76,0.98,0.98,0.91,0.91,0.64,0.64,+6.0,+6.0,1
UGC03580,2.33,2.33,1.12,1.12,11.50,11.50,2.33,2.33,2.42,2.42,0.28,0.28,-1.1,-1.1,1
UGC04278,1.35,1.35,0.18,0.18,13.27,13.31,1.51,1.51,2.63,2.63,0.56,0.56,-24.4,-24.4,1
UGC04305,1.80,1.80,0.94,0.92,9.13,9.07,1.85,1.85,2.24,2.24,0.82,0.83,-5.8,-5.8,1
UGC04325,5.33,5.33,1.23,1.23,10.78,10.78,5.09,5.09,10.05,10.05,0.99,1.00,-30.1,-30.1,1
UGC04483,1.18,1.18,0.63,0.64,10.61,10.59,1.39,1.39,0.86,0.86,0.43,0.43,+3.4,+3.4,1
UGC04499,1.79,1.79,0.73,0.75,11.13,11.11,1.78,1.78,1.56,1.56,0.53,0.53,+2.2,+2.2,1
UGC05005,0.33,0.33,0.25,0.28,12.04,12.03,0.44,0.44,0.27,0.27,0.46,0.46,+4.6,+4.6,1
UGC05253,2.41,2.41,1.37,1.35,12.04,12.09,2.48,2.48,5.11,5.11,0.52,0.53,-182.0,-182.0,1
UGC05414,3.95,3.95,0.27,0.29,12.44,12.31,5.83,5.83,1.24,1.24,0.41,0.41,+3.8,+3.8,1
UGC05716,2.48,2.48,0.93,0.91,10.73,10.74,2.55,2.55,5.74,5.74,1.38,1.39,-29.3,-29.3,1
UGC05721,1.09,1.09,1.47,1.46,10.53,10.55,1.19,1.19,1.84,1.84,0.63,0.64,-10.9,-10.9,1
UGC05750,1.45,1.45,0.27,0.29,11.62,11.57,2.12,2.12,0.79,0.79,0.49,0.49,+7.2,+7.2,1
UGC05764,10.57,10.57,1.23,1.23,10.20,10.19,10.47,10.47,15.19,17.34,3.80,3.02,-48.9,-63.9,1
UGC05829,0.13,0.13,0.38,0.36,11.80,11.85,0.49,0.49,0.48,0.48,0.62,0.63,+1.7,+1.7,1
UGC05918,0.29,0.29,0.73,0.78,10.68,10.63,0.40,0.40,1.03,1.03,0.55,0.53,-0.1,-0.1,1
UGC05986,5.86,5.86,0.27,0.30,12.83,12.75,6.65,6.65,3.20,3.20,0.33,0.33,+25.7,+25.7,1
UGC05999,6.56,6.56,0.46,0.52,12.45,12.36,6.11,6.11,5.41,5.41,0.51,0.49,-1.0,-1.0,1
UGC06399,1.14,1.14,0.55,0.57,12.12,12.07,1.33,1.33,0.45,0.45,0.53,0.53,+6.3,+6.3,1
UGC06446,0.27,0.27,1.15,1.16,10.79,10.78,0.28,0.28,0.97,0.97,1.05,1.03,-4.7,-4.7,1
UGC06614,0.27,0.27,0.56,0.57,12.74,12.79,0.29,0.29,1.19,1.19,0.51,0.50,-3.7,-3.7,1
UGC06628,0.26,0.26,1.07,1.00,9.74,9.70,0.37,0.37,0.94,0.94,0.52,0.51,+0.6,+0.6,1
UGC06667,2.28,2.28,0.79,0.79,11.57,11.58,2.36,2.36,5.51,5.51,1.11,1.11,-19.5,-19.5,1
UGC06786,0.69,0.69,1.40,1.39,11.93,11.94,0.82,0.82,1.77,1.75,0.32,0.32,-38.0,-37.2,1
UGC06787,18.30,18.35,0.02,0.02,13.46,13.46,18.59,18.59,20.14,20.15,0.46,0.46,-151.5,-148.7,1
UGC06818,5.84,5.84,0.21,0.24,12.58,12.53,7.18,7.18,5.09,5.09,0.30,0.31,-3.7,-3.7,1
UGC06917,1.16,1.16,0.87,0.88,11.57,11.55,1.15,1.15,1.30,1.30,0.54,0.54,+1.4,+1.4,1
UGC06923,3.67,3.67,0.49,0.48,12.37,12.38,4.17,4.17,1.49,1.49,0.44,0.42,+2.8,+2.8,1
UGC06930,0.44,0.44,1.00,1.00,11.17,11.17,0.44,0.44,1.27,1.27,0.62,0.63,-2.1,-2.1,1
UGC06973,1.80,2.30,0.96,1.07,12.84,12.49,3.30,3.30,16.57,16.57,0.16,0.16,-73.1,-71.5,1
UGC06983,0.74,0.74,1.11,1.11,11.20,11.19,0.76,0.76,1.22,1.22,0.78,0.78,-2.5,-2.5,1
UGC07089,0.36,0.36,0.24,0.23,12.26,12.26,0.97,0.97,0.41,0.41,0.36,0.36,+3.8,+3.8,1
UGC07125,0.83,0.83,0.81,0.81,10.65,10.65,0.69,0.69,1.56,1.56,0.92,0.91,-3.8,-3.8,1
UGC07151,3.61,3.61,0.72,0.76,11.21,11.14,3.83,3.83,3.68,3.68,0.51,0.51,-3.0,-3.0,1
UGC07232,4.60,4.60,0.59,0.52,12.40,12.57,5.36,5.36,6.33,6.33,0.48,0.47,+1.0,+1.0,1
UGC07261,0.10,0.10,1.05,1.09,10.61,10.62,0.20,0.20,0.95,0.95,0.56,0.56,+0.3,+0.3,1
UGC07323,1.06,1.06,0.24,0.24,12.78,12.74,1.42,1.42,0.64,0.64,0.41,0.41,+5.4,+5.4,1
UGC07399,1.60,1.60,1.26,1.25,11.13,11.13,1.70,1.70,1.82,1.82,0.62,0.64,-0.1,-0.1,1
UGC07524,0.89,0.89,0.75,0.75,11.25,11.27,0.89,0.89,1.72,1.72,0.80,0.80,-18.4,-18.4,1
UGC07559,1.07,1.07,0.36,0.42,11.05,10.88,3.36,3.36,2.79,2.79,0.31,0.30,-5.1,-5.1,1
UGC07577,0.34,0.34,0.26,0.24,9.09,9.16,1.94,1.92,8.30,8.29,0.23,0.23,-44.0,-44.0,1
UGC07603,2.13,2.13,0.83,0.85,11.21,11.16,2.15,2.15,1.54,1.54,0.36,0.35,+6.1,+6.1,1
UGC07608,0.87,0.87,0.39,0.48,12.43,12.19,1.12,1.12,0.51,0.51,0.51,0.50,+4.2,+4.2,1
UGC07690,0.84,0.84,1.18,1.28,10.07,9.98,0.95,0.95,1.51,1.51,0.61,0.60,-0.5,-0.5,1
UGC07866,0.11,0.11,0.53,0.55,10.81,10.67,0.68,0.68,0.27,0.27,0.45,0.45,+3.0,+3.0,1
UGC08286,2.86,2.86,1.17,1.17,10.81,10.82,2.81,2.81,2.65,2.65,1.07,1.07,+2.9,+2.9,1
UGC08490,0.13,0.13,1.33,1.33,10.61,10.61,0.14,0.14,0.33,0.33,0.85,0.86,+1.0,+1.0,1
UGC08550,1.07,1.07,1.05,1.04,10.45,10.45,1.08,1.08,1.55,1.55,0.73,0.73,-1.2,-1.2,1
UGC08699,0.72,0.72,0.69,0.76,12.13,12.08,0.75,0.75,0.87,0.87,0.59,0.60,+0.5,+0.5,1
UGC08837,8.24,8.24,0.15,0.16,11.38,11.37,12.53,12.53,3.11,3.07,0.18,0.18,+13.3,+13.5,1
UGC09037,2.01,2.01,0.67,0.66,12.33,12.33,1.90,1.90,1.95,1.95,0.21,0.21,+3.3,+3.3,1
UGC09133,7.15,7.15,0.73,0.72,12.24,12.22,7.16,7.16,7.39,7.39,1.47,1.46,-21.1,-21.2,1
UGC09992,0.04,0.04,0.90,0.83,9.53,9.47,0.17,0.17,1.24,1.24,0.51,0.50,+0.8,+0.8,1
UGC10310,1.39,1.39,0.93,0.88,10.72,10.73,1.42,1.42,1.80,1.80,0.63,0.63,-0.5,-0.5,1
UGC11455,5.40,5.40,0.21,0.20,13.52,13.52,5.53,5.53,4.93,4.93,0.39,0.39,+11.9,+11.9,1
UGC11557,1.58,1.58,0.32,0.36,12.35,12.33,1.68,1.68,1.29,1.29,0.46,0.46,+4.4,+4.4,1
UGC11820,1.80,1.80,0.70,0.72,11.32,11.33,1.87,1.87,2.01,2.01,1.01,1.01,-0.4,-0.4,1
UGC11914,0.83,0.83,0.67,0.65,13.88,13.90,0.84,0.84,1.74,1.75,0.19,0.19,-48.8,-49.1,1
UGC12506,0.18,0.18,1.30,1.30,12.01,12.02,0.24,0.24,2.16,2.16,1.13,1.14,-49.1,-49.1,1
UGC12632,0.43,0.43,0.96,0.96,10.76,10.75,0.43,0.43,1.79,1.79,1.11,1.11,-11.7,-11.7,1
UGC12732,0.23,0.23,0.82,0.82,11.13,11.11,0.30,0.30,0.49,0.49,1.06,1.06,+1.7,+1.7,1
UGCA281,1.31,1.31,0.52,0.49,11.64,11.73,1.80,1.80,0.47,0.47,0.37,0.37,+4.6,+4.6,1
UGCA442,3.86,3.86,0.56,0.55,11.26,11.28,4.73,4.73,7.08,7.08,0.45,0.45,-19.7,-19.7,1
UGCA444,0.07,0.07,0.32,0.33,11.77,11.71,0.21,0.21,0.36,0.36,0.49,0.49,-2.6,-2.6,1
