galaxy,model,N,k,chi2,chi2nu,bic,aic,logpost_map,log_rho_t_map,log_rho_t_p16,log_rho_t_med,log_rho_t_p84,log_Yd_map,log_Yd_p16,log_Yd_med,log_Yd_p84,log_Yb_map,log_Yb_p16,log_Yb_med,log_Yb_p84,d_map,d_p16,d_med,d_p84,inc_map,inc_p16,inc_med,inc_p84
CamB,ccc,9,4,30.465220013745103,6.0930440027490205,39.25411832308998,38.4652200137451,-16.17963573950254,-24.411339484097425,-24.763759582072883,-24.46706507954576,-24.21445704365408,-0.35687000303411387,-0.41277333769302693,-0.351541351518585,-0.28875479700077783,-0.15490196235496673,-0.2615867428169585,-0.15362144781404485,-0.0558484651131886,0.938130833036781,0.8677784971031094,0.9373700166766109,1.0104025914692687,60.14465087449402,56.02278422005803,61.218749413238015,66.13385393139299
D512-2,ccc,4,4,2.6040921480533985,2.6040921480533985,8.14926959253296,10.604092148053399,-1.3481688038186326,-23.591125281450893,-24.10464853631375,-23.640649132954987,-23.118340729088334,-0.28029498257071095,-0.3822128820081054,-0.2843323490990057,-0.17999730988570345,-0.15490196066042483,-0.2549138203962208,-0.15510418542352095,-0.05695235033810542,1.0523941713722151,0.815844195432406,1.1021671326890754,1.389463124023605,57.3692963549714,47.833277064513524,58.28436395231493,68.28295599988215
D564-8,ccc,6,4,0.4688360513548949,0.23441802567744746,7.635873928267115,8.468836051354895,-0.23872167885743634,-23.631998189561067,-23.773855249043855,-23.615717619954623,-23.442873455700944,-0.3097088233285653,-0.40348795996597087,-0.30700818980359235,-0.21416651895784486,-0.15490196586921035,-0.2619611506543983,-0.16285199612410084,-0.05963429138239368,0.9997433615108824,0.9676510152586173,0.9988291104201645,1.0294441435458344,62.77751533785458,54.67127564608984,62.0953707428582,69.2060803467817
D631-7,ccc,16,4,77.7717651464442,6.48098042887035,88.86212003540332,85.7717651464442,-44.38624741114033,-23.45828646718165,-23.543081148492163,-23.463678515215364,-23.386358669510972,-0.6113796435421872,-0.6861048644405929,-0.6111061973633329,-0.5400555522633481,-0.15490196390451516,-0.2602344252435847,-0.16019585849449383,-0.05831933273857409,0.9914793366688969,0.969843352990701,0.9927702272020449,1.014280533942718,55.665419926253506,53.09667264446858,55.848324223831234,58.79036695308573
DDO064,ccc,14,4,7.572427748825482,0.7572427748825482,18.128657067286515,15.572427748825483,-4.031394346469808,-23.288218681693163,-23.71080124631945,-23.29522982210836,-22.7758583285786,-0.23226132757781687,-0.3129038326846506,-0.2206499868134032,-0.12638865159452908,-0.1549019670061535,-0.25176574339909896,-0.15222560324669737,-0.057796693586695654,1.0374553551213452,0.7353787656984888,1.041635603063622,1.3389439123071072,60.21564757121819,55.429861144744415,60.461610720764575,65.2851193721505
DDO154,ccc,12,4,116.05110363742763,14.506387954678454,125.99073023657964,124.05110363742763,-64.0837587670432,-23.596330303469898,-23.66149244372457,-23.584851463049247,-23.50783315833588,0.03087258063387594,-0.004339993051865108,0.032130453742857744,0.0708479338944333,-0.15490195333713222,-0.2525839051092306,-0.16069090272551947,-0.06762623047384082,1.0373088879993522,0.9863875269248086,1.0353929918834925,1.0821640283704466,66.18919710363447,63.144730351409514,65.81229751422765,68.75531945529643
DDO161,ccc,31,4,359.1247412378477,13.300916342142507,372.86069005578827,367.1247412378477,-183.8948473458844,-24.54475074273786,-24.772819590058617,-24.557051013576793,-24.292909539921606,-0.5717418528193117,-0.6565918754090562,-0.5793361191754983,-0.5094124113825916,-0.15490197413921553,-0.24793210283578782,-0.15654348488664838,-0.06924595595747013,1.319181528815404,1.121188558527976,1.3446239341286086,1.5816908926184134,74.52214011227807,65.60073331809619,74.22128765690792,82.58849361212593
DDO168,ccc,10,4,41.17059197510183,6.861765329183638,50.380932347078016,49.17059197510183,-21.440685308138747,-23.21881398619785,-23.362549748347114,-23.2288403825793,-23.08192860143462,-0.3337461266500833,-0.42722142488767645,-0.3368007545578966,-0.24444529332519008,-0.154901972359347,-0.2539376168962411,-0.1489485366752807,-0.0527004987820473,0.9790604909905714,0.9288216319583351,0.976825598294726,1.0256223136967675,55.83971400581177,51.11411589311672,56.29400690130215,62.03669286737331
DDO170,ccc,8,4,62.304254870711354,15.576063717677838,70.6220210374307,70.30425487071136,-42.20753687931273,-25.378011204082767,-25.379936447872343,-25.249893658046734,-25.075279669342287,0.05311489411923941,0.026443036242864162,0.08131041356868635,0.14041338495088002,-0.1549019500246866,-0.24736835547560448,-0.15030168015192114,-0.05758142045072574,1.8551356713217038,1.5556551466246404,1.7346831024151566,1.848180465722906,74.41131089569066,69.07521217345855,74.43984777649821,79.46109147186945
ESO079-G014,ccc,15,4,46.741995789985616,4.2492723445441465,57.57419659439446,54.741995789985616,-26.818797872344135,-24.636687170675785,-24.812292038972593,-24.62529861112117,-24.430937055867435,-0.06403385313821669,-0.11644885686295782,-0.05717431697092444,0.006791250279865543,-0.15490196274994555,-0.2444445708085474,-0.15142993813182562,-0.054344645691982024,1.2790030853715126,1.0855605175884306,1.268507424102844,1.4611315538662892,79.88968490761292,75.19491763235041,80.0124930090702,84.2812451279911
ESO116-G012,ccc,15,4,25.511323063308144,2.3192111875734676,36.34352386771698,33.51132306330814,-14.934499398760423,-23.695574107738246,-23.992890422123036,-23.72462979386255,-23.43613295921831,-0.09772561578603195,-0.16109129103588238,-0.10376705727636118,-0.049377981435225905,-0.15490194789581618,-0.2532336296894765,-0.15890372989127077,-0.05657382806016964,1.141216192719897,0.9428155538962135,1.1674014910885258,1.4343274220895996,74.15961362561552,71.02903568043322,74.04145265564358,76.75986535049535
ESO444-G084,ccc,7,4,26.975715622215482,8.99190520740516,34.759356218436736,34.97571562221548,-13.550317259064219,-22.72402357850222,-23.02082142301732,-22.72970867338143,-22.388329893731914,-0.27035691818300944,-0.36246050299156307,-0.27245300657366456,-0.18071079981351906,-0.15490196071279372,-0.2485291138490593,-0.1506860934602577,-0.052877789667574726,1.0051163338552582,0.904190214362411,1.0063497795902763,1.109522668111206,33.007296489182146,27.600755434619423,33.38438257564852,38.97420289577113
ESO563-G021,ccc,30,4,620.84153966124,23.878520756201535,634.4463291878885,628.84153966124,-315.45274538986126,-24.128270771993098,-24.14129713242576,-24.1114138363351,-24.079170251090122,-0.2621334799442146,-0.27365139099398517,-0.26047983917296375,-0.24891242489052964,-0.15490039089318974,-0.24842863452803365,-0.1496166012174513,-0.05367819208795521,1.449013157894734,1.4241556308006447,1.4397608181711792,1.4465323307189897,85.86599285109094,83.63547869265912,85.8215620252671,87.82591125406178
F561-1,ccc,6,4,4.369052514919677,2.1845262574598383,11.536090391831896,12.369052514919677,-2.420385375922125,-26.99999999998783,-26.78108920467518,-26.316476576032628,-25.64153126112189,-0.2526950462370212,-0.3424962660290224,-0.2524613058288565,-0.1553053613513047,-0.15490126187427145,-0.254245891025682,-0.15929549236460588,-0.058876211893384475,1.0165609304101246,0.8506216703943805,0.9973461158245556,1.1413055928136457,28.753938313307458,25.017553811484078,28.523336332143366,32.26756575663284
F563-1,ccc,17,4,27.89347149562068,2.145651653509283,39.22632487184555,35.89347149562068,-23.684812772497118,-24.9242900582405,-25.051970323019148,-24.77678370717851,-24.45595872757599,0.03406299019595977,-0.051665745245365366,0.03619646131186715,0.11808903713551655,-0.15490195870131002,-0.25802368095349487,-0.1589335059878293,-0.059386614734299806,1.3161583895789482,1.1099239236926248,1.278107116342741,1.444462288436993,36.998655285758346,31.492282672941293,35.58259814750246,38.48766380554589
F563-V1,ccc,6,4,1.7200051259044211,0.8600025629522106,8.887043002816641,9.720005125904422,-1.3306463656473966,-26.999999999998586,-26.66326513957978,-26.015309500974222,-25.287134658165602,-0.24716469628267673,-0.35206840927428595,-0.2528962986184849,-0.16382873207723236,-0.1549019506123442,-0.2524001846892664,-0.15187650527941318,-0.05067608316236697,1.1200670591150486,0.8971876830721441,1.0683472950777653,1.2387366767333594,65.39201345077322,54.22481602611006,63.170965244944746,72.13476886863711
F563-V2,ccc,10,4,13.16998720084104,2.19499786680684,22.380327572817222,21.169987200841042,-10.767915041405663,-24.311815867026183,-25.226723334307877,-24.390105474704313,-23.683734285668987,-0.08832636060616553,-0.17282438067189546,-0.06626231661368305,0.023775669464811786,-0.154901958370963,-0.2596630016400089,-0.15873409306293976,-0.06687645009682086,1.1775716474454971,0.9860486855026117,1.2122768864955689,1.4145129844556454,46.45840383756533,36.76476844186552,47.12021122899901,55.20664946583415
F565-V2,ccc,7,4,5.075966551892908,1.6919888506309693,12.859607148114161,13.075966551892908,-2.5908124955216643,-23.532398737716157,-23.847905022609176,-23.545753215725025,-23.171724690913713,-0.26962824121506546,-0.3660997025211268,-0.2658732625388411,-0.16759665232317744,-0.15490195586692743,-0.2597317551845627,-0.15717212898977675,-0.0581672518352736,1.011970732352869,0.8215491873099909,1.0220477580409992,1.2273469952073057,60.59130909622719,51.92501942980726,61.97086894559378,71.46020935970922
F567-2,ccc,5,4,3.7759505245386897,3.7759505245386897,10.213702174275092,11.77595052453869,-3.7287299404208736,-26.999999999995495,-26.690900098217952,-26.011083214352563,-24.859079945838953,-0.17089606299755494,-0.2603130099611536,-0.17973703558879972,-0.09707549982134633,-0.15490194753749742,-0.2523764037397455,-0.1576166219584244,-0.05635141404692903,1.0546616961810404,0.8806690425087016,1.020712769614198,1.1735644560374854,33.616541194917374,24.60578280193397,31.170146093014957,36.4656660304825
F568-1,ccc,12,4,24.932475551255553,3.116559443906944,34.87210215040756,32.93247555125555,-15.788468085202231,-23.739585947923928,-24.135613059198445,-23.75803268756768,-23.322533996908216,-0.06647371134027599,-0.1446789944659948,-0.06139011361717468,0.0285896176799907,-0.15490196175495907,-0.25685136605617637,-0.1546721213602243,-0.05731756345406118,1.038259977590013,0.9396414669900576,1.045228200663285,1.1482319518457047,31.036889264872602,25.729259630143606,31.171983177078953,35.968497419031216
F568-3,ccc,18,4,31.486111287102297,2.2490079490787354,43.04759831868695,39.4861112871023,-19.189718143881375,-24.490342605659972,-24.72022192924473,-24.46490041915221,-24.176296071536203,-0.06753010557735321,-0.13569777552782095,-0.0699340129186545,0.0022414608714856755,-0.15490196929640962,-0.2531947036656302,-0.1554921823909376,-0.053455861708718334,1.0391236669998878,0.9329865178776452,1.0307251453257664,1.1314622746298668,51.349180594483016,43.803873108988974,51.047366976667625,58.76252256981444
F568-V1,ccc,15,4,14.993342906898047,1.3630311733543679,25.825543711306885,22.993342906898047,-22.572760889446826,-24.499395504413634,-24.803565888361877,-24.430542327879014,-24.090584415248774,0.17197602682140467,0.1009312574425546,0.1846305871044981,0.25741205317923505,-0.1549019628731024,-0.25751191564580694,-0.15480517057669768,-0.06360827497530212,1.131278877249624,1.0309890893067892,1.1192213036460117,1.2103629018200832,64.60750856965997,55.53650277423136,62.76043586460183,67.58405638625464
F571-8,ccc,13,4,94.08438258776513,10.45382028752946,104.34418001761128,102.08438258776513,-73.47633755645771,-21.723323102210472,-22.098755237230122,-21.78181523927971,-21.440666915502433,-0.9999999999999878,-0.9928614392348557,-0.9755371274303973,-0.9434686004860583,-0.15490194472650667,-0.24344621526842009,-0.15156207928436666,-0.05713761370241989,0.5983817094331829,0.478474560696322,0.6186030024935105,0.7867569824480635,84.49882109759248,78.87477234473506,83.95179760373958,87.70092704917519
F571-V1,ccc,7,4,3.0957668473728948,1.0319222824576315,10.879407443594147,11.095766847372895,-1.7624186237528539,-24.174899929177677,-24.674169580540344,-24.2001553001074,-23.59748961209202,-0.25475327406417153,-0.3512372568188045,-0.2540083764260188,-0.15962771657356575,-0.1549019655289916,-0.27256524267704935,-0.1663555673652874,-0.06519971580585691,1.0088741054864423,0.9146711189911377,1.0096803409770878,1.103471905752802,34.54996955341501,25.48802160347494,35.049082864568554,44.76759128573799
F574-1,ccc,14,4,27.352140204976763,2.7352140204976765,37.9083695234378,35.35214020497676,-28.723563676882932,-24.764159229961145,-24.91429088055609,-24.7427535822442,-24.58478417822564,0.20899065204680878,0.16528678224010263,0.21626777603952457,0.2657353812021819,-0.15490195703140047,-0.25782458259274166,-0.1567191998556222,-0.05147010846401939,1.153965549482327,1.0721973808891636,1.1574178950032927,1.2318661617961566,78.08564861562559,70.8033269755252,76.9397093833004,83.46450756026286
F574-2,ccc,5,4,0.20003355025528846,0.20003355025528846,6.63778519999169,8.200033550255288,-0.10270662898618801,-26.03492744527219,-26.645730159619152,-25.911886203860398,-24.868620370942722,-0.2949331344185163,-0.40131899947180805,-0.3045523251672782,-0.20859110444185838,-0.15490195611729868,-0.24966649123318574,-0.1522182800559294,-0.049036094768506205,1.000675445514743,0.8969893257267558,0.9887047055204572,1.082523312768906,30.402108610713853,21.644667505210357,28.78188517845713,34.6193989925303
F579-V1,ccc,14,4,16.121830282359117,1.6121830282359118,26.67805960082015,24.121830282359117,-12.79071717523394,-26.99999999999879,-26.842275819656,-26.499461494408774,-26.042613862045304,-0.08676140082664086,-0.14486797767625925,-0.08386428641099439,-0.01510299109960081,-0.15490190845179141,-0.25315351006523423,-0.1548461838705526,-0.05225026035342972,1.0616253148017036,0.9749587458453595,1.0660467961835118,1.1554684545940952,47.1866303415875,42.2955945842196,46.665325874705644,51.32364788509344
F583-1,ccc,25,4,37.95641957864711,1.807448551364148,50.83192287811991,45.95641957864711,-40.53286577278446,-24.646205602665333,-24.837641683034665,-24.62316893923867,-24.351218134930978,0.3319187506783189,0.27958636139144916,0.33141283655593845,0.38439145856239176,-0.15490196362665565,-0.25409268591019624,-0.15634775285692093,-0.060773157519969506,1.4013458721211678,1.176273175107166,1.391707434778294,1.5779307629200463,66.4265298488182,62.165275011472495,66.54663974226399,70.84071498862484
F583-4,ccc,12,4,7.3293276242450265,0.9161659530306283,17.268954223397028,15.329327624245026,-4.5006372164179025,-24.12862874678426,-24.482092509022486,-24.102549786317123,-23.687534587285278,-0.20795068095533087,-0.30490881543676485,-0.1983112438931182,-0.10165058942112071,-0.15490196464045072,-0.24608090294792062,-0.1535218441718339,-0.05871516630553525,1.1236665231245282,0.9230077535769642,1.125491609223268,1.3145371155462993,61.527548853537446,52.160866423863624,60.82689674243183,69.81867216537671
IC2574,ccc,34,4,63.9646777916157,2.13215592638719,78.07011989008035,71.9646777916157,-32.18231046301253,-24.20863905307869,-24.27742388605684,-24.19073871632421,-24.09012661297682,-0.2440111979494607,-0.2748146904710419,-0.2419552577389134,-0.20768230765125303,-0.1549019421781311,-0.24464298555123903,-0.14881944957071905,-0.05364782813960312,1.0091285974109931,0.9601053713408352,1.009819034739132,1.058697059968821,76.45120277610881,68.84071131540748,75.36860699603673,82.09833375815083
IC4202,ccc,32,5,958.2622708858938,35.491195217996065,975.5909503998924,968.2622708858938,-489.52735478361404,-25.4402801300037,-25.658635833883164,-25.47966793198381,-25.32254008855145,0.10394792258491689,0.07575288561912677,0.10720687872077939,0.13825883206884476,-0.3348742614808624,-0.36644377174584986,-0.3341531706821208,-0.30168841701720894,1.1069372510594113,1.0294524697525245,1.1016482040512485,1.1800322812676711,89.99999881865268,88.57701244501574,89.36955375651831,89.8299538462817
KK98-251,ccc,15,4,2.377994656677503,0.21618133242522755,13.210195461086343,10.377994656677503,-1.1977426112531888,-23.93247114999202,-24.390312747556237,-23.93638461894122,-23.40594714867559,-0.3013879128550907,-0.39012658889201496,-0.29149711000622114,-0.20264336996981794,-0.15490196129531314,-0.25848874108023195,-0.16050579437110363,-0.05796607194520946,1.037323517958536,0.7356365125012453,1.0384876905552154,1.3378173540198428,59.22357759612237,54.88213273403361,59.78850921215953,64.71060952462165
NGC0024,ccc,29,4,228.1274981454461,9.125099925817844,241.596681465392,236.1274981454461,-128.36019880786858,-23.580903968059587,-23.640797675753834,-23.55067280798265,-23.44791637075803,0.16243237485932205,0.11077438087692432,0.1647172880688856,0.20675108558756244,-0.1590000141314882,-0.25798035694901017,-0.1581857533817123,-0.058770948686192,1.0911752137277833,1.0435706672248464,1.086124046103655,1.1221051553422727,69.76539445424825,66.60908756370434,68.97386176227678,71.28316458892576
NGC0055,ccc,21,4,29.682373163268934,1.7460219507805255,41.860462914162625,37.682373163268934,-16.081519292628936,-24.086026138490006,-24.179229320997344,-24.087587702322743,-23.986284141732657,-0.40847014235099127,-0.5029192315599428,-0.41295669605654056,-0.3273774058157496,-0.15490195686596886,-0.2470986951716511,-0.14795165713219052,-0.04872546718907562,1.055040030804331,1.0092875087545612,1.0559484639375212,1.1039810776357468,78.38026452294316,75.7759424607267,78.4832179424818,81.2470770657066
NGC0100,ccc,21,4,1.0366926717081448,0.06098192186518499,13.214782422601838,9.036692671708145,-0.5274220391903507,-23.456646790250936,-23.827260863636013,-23.455005038626666,-23.03112090664672,-0.30931890149336766,-0.3864707258177389,-0.31310631072981737,-0.242190656286913,-0.15490193726874135,-0.2532067411873462,-0.15425980981619844,-0.050614284460761716,0.9681367135066603,0.7115125471089004,0.9655011362370111,1.267094498866306,88.99979088193484,87.93844374504216,88.81318332174105,89.52706459734182
NGC0247,ccc,26,4,44.272073261880635,2.01236696644912,57.30445941396656,52.272073261880635,-43.559091456537004,-25.209715013657913,-25.334050235244334,-25.220438131678584,-25.116518422537904,0.33496180940857573,0.3171239477126352,0.33897848381702406,0.3621954014026834,-0.15490197220308363,-0.2586794189772296,-0.1600264020908583,-0.054890009872096426,1.0700747765510457,1.018092352743907,1.0648556532463191,1.1086595515578126,76.1950909595644,73.41647049431033,76.25861096499739,79.00294331678126
NGC0289,ccc,28,4,70.1052109548164,2.921050456450683,83.43402899551721,78.1052109548164,-37.16391142904853,-25.08279925076414,-25.30754415983971,-25.096820966898157,-24.858699688739957,-0.1577475468438356,-0.22876088846508447,-0.16106677091877253,-0.08735401927171987,-0.15490197698450447,-0.2633334123090645,-0.15881863803366536,-0.04944339360453658,1.2949299764102171,1.1283433543415087,1.3281247330362151,1.5110419019818961,50.40989465159197,46.226368390594885,50.15011488631105,54.486413624917716
NGC0300,ccc,25,4,52.79843636951304,2.514211255691097,65.67393966898584,60.79843636951304,-27.506219503404797,-23.78786727370291,-23.94599609663946,-23.779448661617423,-23.5756621299132,-0.19638777939099186,-0.2445535335635017,-0.19594731439997484,-0.14524986069515058,-0.15490195512349428,-0.2573143356236051,-0.16159367757836102,-0.06181636611990106,1.0088820293058816,0.9639329774374327,1.0098185446538928,1.0552675353150593,52.41571952721745,45.12126767296048,52.03194406216919,59.194545550880804
NGC0801,ccc,13,4,130.91056407560177,14.545618230622418,141.17036150544791,138.91056407560177,-68.6411173497858,-25.008078738960187,-25.033170031777782,-24.977104274442446,-24.90566194842491,-0.2902201777292894,-0.29821838078118423,-0.27895349053396756,-0.2532803435096936,-0.15490196487570074,-0.2559885800660494,-0.1540810488418054,-0.05210636362846853,1.2514737274645262,1.1531979690521477,1.2197720633951716,1.2718171112424894,80.18995222320738,79.1966802309812,80.12827399994377,81.14966129092771
NGC0891,ccc,18,5,79.24249166511281,6.095576281931755,93.69435045459363,89.24249166511281,-42.00297701296286,-23.34965041462202,-23.421954215511228,-23.35616110686829,-23.296111359424458,-0.41506062342267075,-0.44062078818347694,-0.41827176216861606,-0.39477938393823137,-0.22505604194246057,-0.2823854247407879,-0.23313296533764083,-0.18411840335886667,0.9130342994561971,0.8787905153956099,0.9173647172912328,0.9648144303582258,89.99999944351966,88.511928877097,89.25076179516593,89.77000759033719
NGC1003,ccc,36,4,934.5893251276692,29.205916410239663,948.9234008814936,942.5893251276692,-474.2170495046971,-24.797042512188256,-24.79440298805529,-24.740500939098467,-24.676329797856326,-0.4456915717471034,-0.45803624019154776,-0.4368495495508119,-0.414791208030898,-0.1549017781520096,-0.2554913457579374,-0.15770753063230136,-0.059445811227679494,1.8999999999997577,1.7676091245845618,1.840535962479969,1.883063731073222,75.29469216161952,71.44381274695246,75.54308519228269,79.23720598364865
NGC1090,ccc,24,4,100.59271665353585,5.029635832676792,113.30493197492763,108.59271665353585,-51.71648822103015,-24.776887005288096,-24.92678623024962,-24.7989110303185,-24.664020344783104,-0.2980317440993515,-0.32873601272595343,-0.3021077126059897,-0.27622958439031026,-0.15490196332181702,-0.26202142145126545,-0.16112300201042717,-0.06447050919443265,1.4066208050745805,1.3074709063846128,1.433191219255076,1.5605801265178636,65.32106719825742,62.64267998307564,65.20873384183804,67.85486058120486
NGC1705,ccc,14,4,31.836649997617837,3.183664999761784,42.39287931607887,39.83664999761784,-16.57597530617183,-22.23384706246268,-22.28947532738702,-22.19410824507098,-22.093964923324204,-0.4139804148960332,-0.483660864889095,-0.4214100244916658,-0.36797777692097905,-0.15490196842167525,-0.2577137205030734,-0.1519990865979533,-0.055589514574096534,1.0069535421226647,0.9525139922265935,1.0041549856164673,1.054821374392951,81.43680974156631,70.19115792239977,78.89483872489065,85.6592173878653
NGC2366,ccc,26,4,59.289763457229405,2.694989248055882,72.32214960931533,67.28976345722941,-31.346556604711555,-23.866136578923417,-23.95235814723415,-23.856856456361786,-23.752565110084824,-0.12725158043413887,-0.17427146028176654,-0.1262022507434975,-0.08033306755129556,-0.15490194976634,-0.25083579173663517,-0.1507462958730425,-0.05189015664321103,1.0185601053424562,0.9691664634215479,1.0173626056276261,1.0657622356422898,70.44729798198853,65.22829764468301,70.17744186519,75.06554343344575
NGC2403,ccc,73,4,1053.3928698285577,15.266563330848662,1070.5547075931513,1061.3928698285577,-541.9714673978546,-23.32108267582241,-23.347366985886165,-23.334524616053148,-23.326673977927225,0.0532907705267433,0.046157306235793644,0.049728384405776635,0.05314921021932727,-0.15519482406877744,-0.24407969312737274,-0.1469734725856123,-0.05198975145978443,0.8481372544335393,0.8493551910136804,0.8524522713093075,0.8587359177649814,54.000000000005336,54.052858592797776,54.21594831233031,54.52838578874755
NGC2683,ccc,11,5,134.84996176365516,22.47499362727586,146.839438127647,144.84996176365516,-72.17667404817206,-27.0,-26.95724465505045,-26.84732881032752,-26.66355959959414,-0.0047387952403854065,-0.02477777059646288,0.0018704041288995273,0.027770217891669977,-0.2119169165012158,-0.3145960887230013,-0.220798164104887,-0.12798774676243094,1.0271211944867806,0.9723690608873009,1.0221050881920704,1.0698293009192257,81.61743486889037,76.9349392679088,81.39217893306129,85.63719156885142
NGC2841,ccc,50,5,930.2248924016775,20.671664275592832,949.7850074288182,940.2248924016775,-471.51603438950553,-23.79881861624798,-23.79275314389046,-23.774672278350735,-23.743634512205457,-0.24578504131110546,-0.2573115388444966,-0.24356496716409462,-0.2302951156177576,-0.00987905514185172,-0.018576380540087718,0.0017142340374194272,0.020255992703765685,1.2978723404255113,1.2587256775628077,1.2829649880080254,1.2939630925561483,87.82713653533122,83.09702635480862,86.5654767300438,88.87703479197316
NGC2903,ccc,34,4,1022.3945496262006,34.07981832087335,1036.4999917246653,1030.3945496262006,-530.8982088797251,-23.773928204507815,-23.770692626589902,-23.75915314713425,-23.74607735098865,-0.763435280769071,-0.768881228993172,-0.7621054966741172,-0.7547480287034481,-0.16904528524436963,-0.24685537223257173,-0.14569733071531688,-0.04397504392842929,1.899999999995851,1.883014484801215,1.8938174522197446,1.8984062812044002,74.9999999995417,73.55124049028224,74.38240119627584,74.83501612415611
NGC2915,ccc,30,4,101.42643354275569,3.901016674721373,115.0312230694043,109.42643354275569,-54.676516986972125,-23.034358985723117,-23.131376562904755,-23.025172475817854,-22.904319401907713,-0.019725698453537707,-0.1001799017765295,-0.02958426114748951,0.04166303544279271,-0.15490195559903064,-0.2507811198000465,-0.1545604709347656,-0.05538643306748276,1.0026685100738,0.9502375678227486,0.997983706583161,1.0482564574375255,56.4090026433072,52.25909870369098,56.22506550092772,60.25564841636372
NGC2955,ccc,24,5,79.52142259061347,4.185338031084919,95.4116917423532,89.52142259061347,-40.50077575249017,-24.053407156379663,-24.20248903407288,-24.054559721694893,-23.905640417933274,-0.31770181772023465,-0.37610452415256757,-0.3207727098554931,-0.26139977620513255,-0.045740815163243874,-0.10403730090796354,-0.046832500767177765,0.021311991790225804,0.9751980106537592,0.8750543315001489,0.9744409018330764,1.0662637233456493,52.87475279170426,48.38845246305479,53.0981124486786,58.49724389699162
NGC2976,ccc,27,4,8.89313104530616,0.3866578715350504,22.076478509323476,16.89313104530616,-4.475149957114509,-23.12926944772532,-23.435399429799226,-23.168071037378688,-22.88672185743892,-0.2790930549187406,-0.3458954323579774,-0.2671106667490677,-0.19055546338960183,-0.1549019516136404,-0.24992229134687527,-0.14836363782570433,-0.055024858065317275,0.9988377527110794,0.9484270972132548,0.9978516553065211,1.049936418060736,60.07741713354564,52.04184975494068,61.27261286594198,70.64079668474234
NGC2998,ccc,13,4,27.941190561465373,3.104576729051708,38.20098799131152,35.941190561465376,-16.385627351616865,-24.751659235253378,-24.87569422757122,-24.74665119437507,-24.60576141252536,-0.11804494373670758,-0.1559202596744281,-0.11591762345187517,-0.0754558500291724,-0.15490198278033987,-0.25578602985441806,-0.14829669389805233,-0.047693725894449465,1.173055212568251,1.0610276697976788,1.1711291797985548,1.2842038783835519,58.76620257196762,56.772309526071474,58.66059772412223,60.58284548202975
NGC3109,ccc,25,4,10.075323432066606,0.479777306288886,22.950826731539408,18.075323432066604,-5.800970338048247,-23.323662878075933,-23.41798191672354,-23.32284988428725,-23.215708441728204,-0.17772522924107048,-0.2553176973547011,-0.17648030883899718,-0.10079000838573844,-0.1549019453278156,-0.25164905506472857,-0.15147121906710606,-0.05170007877890595,1.0026679242150833,0.9526910284152201,1.0050787492175866,1.0570441208970602,70.30171049398047,65.14756692412584,70.16460189974921,75.31988096410335
NGC3198,ccc,43,4,333.31315476238507,8.546491147753462,348.35795522515934,341.31315476238507,-176.86345148741717,-23.65939209955205,-23.82459445685319,-23.734334534874588,-23.67280872308352,0.02595810636816824,-0.0033369826420511653,0.013376616329446039,0.026563027182771693,-0.15490259866196623,-0.2566919920756833,-0.14910103482232492,-0.0551668878662903,0.6956521739130894,0.7074030614233172,0.738016682993361,0.7872093458946509,70.45154224516634,66.8844830740643,69.60866224059141,72.44230311102254
NGC3521,ccc,41,4,23.643161606402337,0.6390043677406038,38.497449873219566,31.643161606402337,-13.221899645939406,-23.8969787069298,-24.06959010981532,-23.90123330091683,-23.737949820487316,-0.39596614137396857,-0.45220330873550235,-0.39607725779922903,-0.34034139186623275,-0.15490196813950408,-0.252316485291985,-0.15831033503209907,-0.061153276025587566,1.4037256693662665,1.2298694416074543,1.407004192478181,1.6099068642572347,76.3464671674217,72.33073053668934,76.81160366451984,81.2300605625621
NGC3726,ccc,12,4,106.16113079819893,13.270141349774866,116.10075739735093,114.16113079819893,-54.52265231691996,-24.48164501627717,-24.642901436332878,-24.483336203664987,-24.31549753013534,-0.36236720896921926,-0.4023620750451688,-0.363035405072507,-0.3186900020146179,-0.1549019508428928,-0.2571852973248801,-0.1541116483239379,-0.04926655514425243,1.201720432319244,1.091229400868441,1.1998664550028322,1.3113823770864907,54.26256902687007,52.46730123225368,54.26371955257555,56.07367752391755
NGC3741,ccc,21,4,33.570544937255576,1.9747379374856222,45.74863468814927,41.570544937255576,-20.15465930809306,-23.345645139090376,-23.42150109241594,-23.340608451325515,-23.255167343745875,-0.04713329854794519,-0.13518029693715095,-0.058062768787862845,0.021956568462008354,-0.15490195416672672,-0.246488200010398,-0.1544756833976798,-0.05764748180112236,1.0212496303772478,0.9701722320595799,1.019982080862674,1.07319682153794,71.45010033674802,67.60221483334406,71.60974898310013,75.46676428155352
NGC3769,ccc,12,4,22.43648811107972,2.804561013884965,32.37611471023172,30.43648811107972,-11.505746897773035,-23.858670407590008,-24.05041816762294,-23.872009946763427,-23.668681108940802,-0.22610088447980148,-0.2827187614006152,-0.22747311951671034,-0.1728342770801219,-0.15490193179506495,-0.2563501587226247,-0.15887825222059904,-0.05605103779950008,0.9840787886729984,0.8617195458350436,0.9912065637305684,1.1191643398952045,69.95863076842954,68.02358503878216,69.9078682594713,71.94120773555716
NGC3877,ccc,13,4,90.8902852119462,10.098920579105133,101.15008264179235,98.8902852119462,-46.686891484127415,-26.99999999573417,-26.79393113499791,-26.291826727889372,-25.616800560805984,-0.15940690029588195,-0.20473811529308358,-0.1600094232680705,-0.11101270560798861,-0.15490167866050308,-0.25514259289180186,-0.16014836290033865,-0.059340360294961994,1.0957791228970657,0.9828880066817592,1.0967891560880991,1.2072098094778325,76.04718182579529,75.0625621447457,76.06182507686829,77.06291508361589
NGC3893,ccc,10,4,3.745115637734589,0.6241859396224315,12.955456009710772,11.745115637734589,-1.878338167480366,-23.51551492779575,-23.691309234505876,-23.521635290274283,-23.355715603506727,-0.29104004430240654,-0.3407188115332238,-0.2914307256330075,-0.23876923115837773,-0.15490196453720023,-0.2560659988734708,-0.1571083439266403,-0.061947619959579425,1.0050569467148167,0.8917408384313644,1.0079588648673685,1.1361629106608113,49.03194339462942,47.11408980285158,49.010655463973904,50.877103561097094
NGC3917,ccc,17,4,50.452358115231355,3.8809506242485656,61.785211491456224,58.452358115231355,-30.94570384872628,-24.684926651351773,-24.840125997835113,-24.685883057113365,-24.540958694549,-0.005076822520513419,-0.04473118013595244,-0.0019446084703780547,0.040691036956158645,-0.154901969407074,-0.2577704967460125,-0.16114431338423135,-0.059244719340810714,1.225876468929425,1.1178657186593575,1.2256711049534312,1.327308987189132,79.37595437113399,77.19645359900377,79.27906354359966,81.32806935710434
NGC3949,ccc,7,4,3.277450727950318,1.0924835759834395,11.06109132417157,11.277450727950319,-1.6556729838446487,-23.71527261989481,-24.05030827007181,-23.751457648711558,-23.489820682332933,-0.2893889930590961,-0.34907169171798164,-0.2856724588176099,-0.22658108996904136,-0.1549019612386029,-0.25549959048882487,-0.15813917547324702,-0.052412737648456956,1.0186552961928155,0.900185021486277,1.0216913868084987,1.1465326363025419,55.09597051281064,53.17921924211184,55.05479891796291,56.99119550046201
NGC3953,ccc,8,4,4.034573740458757,1.0086434351146893,12.3523399071781,12.034573740458757,-3.8290856845146166,-25.111866263967798,-26.592701807521163,-25.72047760479975,-25.0274197162991,-0.13466824456218945,-0.17466562353985965,-0.1309397581677358,-0.08377939524069644,-0.15490193393815238,-0.2572500402780155,-0.15419810020015945,-0.060188541435546736,1.1270814961554814,1.0130159077412397,1.1278390913336707,1.2397107162421124,62.137016831394405,61.178385808207004,62.16892456287811,63.13177740476248
NGC3972,ccc,10,4,20.29983774378162,3.3833062906302698,29.510178115757803,28.29983774378162,-11.743027477529878,-23.917455474690055,-24.156396690219946,-23.942005287483575,-23.723050078455998,-0.14298799474958365,-0.21347917264762767,-0.13895749292933499,-0.07125865574464608,-0.15490198530852284,-0.2542938349784954,-0.1506591827602513,-0.05183569113942606,1.115005056814058,1.0019775515591955,1.1249447806082633,1.2428354372894386,77.05334333364567,76.02669516009404,77.01178076762505,78.03228559802665
NGC3992,ccc,9,4,182.99761545584659,36.59952309116932,191.78651376519147,190.99761545584659,-102.5409710183757,-23.51848740715916,-23.623570437949635,-23.500900219391475,-23.36593443355602,-0.7461078663419515,-0.7667857477057468,-0.7517678723775929,-0.7402114257262445,-0.1549019501686441,-0.2533756108346439,-0.1540089263154305,-0.05289908590290696,1.1298656569067365,1.0238968784864537,1.1217848813589395,1.2133434206175637,57.391642719351694,55.425132470513894,57.34419225751087,59.30853068730192
NGC4010,ccc,12,4,12.5967671883135,1.5745958985391875,22.5363937874655,20.5967671883135,-6.30234046813511,-23.773568059329477,-23.977684556106553,-23.77366468201165,-23.577095055603806,-0.2923371379623232,-0.36715909292121446,-0.2952301148603845,-0.22374619004589025,-0.15490198028335336,-0.25780513432416585,-0.15881428875253745,-0.06305981153337896,0.9973751703715802,0.871524823188631,1.0019192540629445,1.1370677530348097,88.99991740837578,87.83869864907773,88.76710846351651,89.50609891788172
NGC4013,ccc,36,5,1240.4158649948176,40.013414999832825,1258.3334596870982,1250.4158649948176,-645.776066526876,-23.1687560318673,-26.884664298160743,-23.356460130590836,-22.981133927577023,-0.9999930572758919,-0.9997037590746719,-0.9944153316846969,-0.7977451201108933,-0.08129219248929893,-0.11832303914531808,0.17454150901048182,0.5561943612379843,1.1749174108399407,1.006654684634929,1.2216404201257667,1.4037119201500985,88.60834930591439,87.84264081541012,88.82629966135008,89.55811995492594
NGC4051,ccc,7,4,8.127998096042408,2.7093326986808024,15.911638692263661,16.127998096042408,-4.78547247236497,-25.662890560084218,-26.605730543848413,-25.746340109657535,-24.970535212552505,-0.19960242952552443,-0.25936018361260055,-0.20100354300208434,-0.13839931407480596,-0.15490196351605395,-0.25140538990796096,-0.15470589511321092,-0.05861653080560915,1.0740016965739794,0.9455838483151154,1.0657636454710722,1.1859182135194275,50.08292468409611,47.293868682773876,50.09927533534321,52.74085528918525
NGC4068,ccc,6,4,1.185991326211859,0.5929956631059295,8.353029203124079,9.185991326211859,-0.6238237506245103,-23.711835059804848,-24.051456947032477,-23.748708413651084,-23.440848396486114,-0.3239481402320275,-0.4200740907667735,-0.3224335960769018,-0.22899366439172034,-0.15490196187561958,-0.24820958770732165,-0.14841921463197344,-0.05527380465031112,0.9989311086581671,0.949055924693833,0.9974724023458976,1.0465911712424067,43.44096099177712,38.28820458039028,44.33149939059245,50.11609818677845
NGC4085,ccc,7,4,12.22997893178906,4.076659643929687,20.013619528010313,20.22997893178906,-7.214688869846778,-23.279741591141956,-23.486072102736674,-23.26636728754739,-23.04015045551259,-0.4229076619465904,-0.4955861705782027,-0.4206362593362872,-0.34853766858210816,-0.15490192606167014,-0.250822422445937,-0.15152712299899845,-0.05589022069182542,0.8828761659434495,0.7523737811109248,0.871746942818369,0.9933617914945959,81.89338813120477,79.8796357337668,81.84707690185935,83.89887022041567
NGC4088,ccc,12,4,97.98324837738106,12.247906047172632,107.92287497653307,105.98324837738106,-51.79646067071164,-26.999989196635322,-26.935894186734018,-26.763412745301224,-26.456787740748315,-0.3602878188844424,-0.38227026291263677,-0.3466582845228018,-0.30344825908895096,-0.1549152054001276,-0.24996998256459524,-0.15802145494284792,-0.055744293349038965,1.3092790260769478,1.166305116973282,1.2773021002746852,1.3620262751913803,70.09516339835346,68.43721309294706,70.30443755382348,72.21858696107999
NGC4100,ccc,24,4,135.1424186939577,6.757120934697885,147.8546340153495,143.1424186939577,-71.26445763696455,-23.55810749391817,-23.620302980257517,-23.5129741284701,-23.367895884856548,-0.45819432234726887,-0.48000438265871437,-0.4618139415548297,-0.4468630234932999,-0.15490198711042316,-0.2619273752839607,-0.16169653728809347,-0.055166941365999284,1.3025528912408124,1.1549869934518429,1.2704943783466447,1.3627912357691905,73.82726304934971,71.9090084381027,73.95344320800724,75.77904659340805
NGC4138,ccc,7,5,2.633136660981567,1.3165683304907836,12.362687406258132,12.633136660981567,-4.698992228375382,-22.812257333111376,-23.104221454675237,-22.862428633015746,-22.62196421256494,-0.5606843549704453,-0.5912895453692942,-0.5416975190302993,-0.4382044122735751,-0.1681592782184782,-0.25301761942083484,-0.1616946120282448,-0.06552354480165598,0.9912535176745205,0.8743876100123331,1.0045330255820435,1.1358808808797944,52.8931853800197,49.962820963926696,52.909489572614845,55.882098743207955
NGC4157,ccc,17,5,98.5982479965925,8.216520666382708,112.76431471687359,108.5982479965925,-60.09983223242245,-23.631243570125058,-23.734047128057878,-23.59808332527575,-23.444440033569546,-0.7307510197168234,-0.7646780206590443,-0.7366704307356222,-0.7116296750687748,-0.10531914670162384,-0.20246981408112577,-0.106207356362138,-0.011566992598870897,1.2343918739824828,1.0938533996849802,1.2138654881022641,1.3278690266355466,82.61106382145093,79.75793675841922,82.62645418085381,85.47536053573376
NGC4183,ccc,23,4,43.11257669467514,2.2690829839302706,55.65455355839174,51.11257669467514,-27.135432845844203,-24.477181965932836,-24.582953868285195,-24.445807665854637,-24.282364928357296,-0.03681395615304079,-0.08192332495888459,-0.035005348018658844,0.012413365276225953,-0.1549019560019506,-0.2464860863282998,-0.1437639950850471,-0.053885050018309996,1.2828085312679085,1.1496961530593581,1.260417443564426,1.355563319880809,82.35258900365409,80.32910358811637,82.18439503526949,84.2426422736499
NGC4214,ccc,14,4,43.22048451688332,4.322048451688332,53.77671383534435,51.22048451688332,-23.466598644459374,-23.116186161805903,-23.426968310474656,-23.068398319965546,-22.555637016241942,-0.4764467576848098,-0.5707777621320808,-0.4813694829022213,-0.4037266605253757,-0.1549019442626734,-0.25037354357101116,-0.15516328368765117,-0.06236256534707416,1.0022930196642506,0.9554750816822973,1.0059880629322708,1.0555457760946487,22.958637341326323,17.156308689356944,22.26904447566397,26.782160100316613
NGC4217,ccc,19,5,20.756432075865504,1.4826022911332504,35.47862697169771,30.756432075865504,-30.96638149486876,-22.45277812830063,-22.74084056955615,-22.53830165417653,-22.374273501465474,-0.5787826980557098,-0.635204005657108,-0.591617445707299,-0.554480861449631,-0.6772770967847896,-0.7415800987847452,-0.6931100465355378,-0.6459300995888616,0.6549895570480816,0.6190132377056435,0.7002810697292617,0.819624715238664,85.88224355928291,83.7500912131187,85.69529591285134,87.76529254735564
NGC4389,ccc,6,4,13.896204652000977,6.948102326000488,21.063242528913197,21.896204652000975,-11.085859246687232,-23.516600099429873,-23.846858037817164,-23.54150416269235,-23.271579271709317,-0.5153411895202122,-0.5968652031794143,-0.5169508908178059,-0.43936969022809286,-0.1549019618428567,-0.24376317098179384,-0.13953309845411604,-0.03894165647879112,0.7906529414618475,0.6876370805912557,0.8008226127314897,0.9309571427463877,45.24919320881824,41.465900636570936,44.99056575220406,48.89981042830972
NGC4559,ccc,32,4,37.42759542137787,1.3366998364777811,51.29053903257678,45.42759542137787,-19.227066030844714,-24.40381537505416,-24.6262479541426,-24.394810065714957,-24.122466768891517,-0.21094465719889166,-0.25953770369715434,-0.20719399039412817,-0.14873955973088854,-0.15490195697087147,-0.2531077986060963,-0.15039989327957576,-0.05336167711280975,1.138885227574315,0.9353667603737308,1.1310830132137601,1.3182857216042474,67.02600797577301,66.01277049327321,66.9949225726681,67.994290550245
NGC5005,ccc,18,5,1.8053298874681,0.13887152980523848,16.257188676948925,11.8053298874681,-1.280973477453728,-23.657199358811923,-24.000150298215484,-23.699212947547544,-23.463255484232942,-0.26065315372664316,-0.3193348217684171,-0.2492904676685051,-0.1847309290139495,-0.2300904540203619,-0.298795287303888,-0.23165711242028614,-0.17231483445005602,0.985768745995119,0.9106867794631398,0.984337645209746,1.0574635372102386,67.8990319215668,65.7242759680868,67.76444090773776,69.82594637761382
NGC5033,ccc,22,5,712.2321857387858,41.89601092581093,727.6873980055774,722.2321857387858,-366.4940618640145,-24.6337839972075,-24.63878707709913,-24.616584890553387,-24.59292007272477,-0.3712256524741153,-0.38606462281109055,-0.3727781079378586,-0.3615710379658876,-0.42471987080249873,-0.4471389400245091,-0.4063243257253625,-0.37064926655385044,1.8980891719745157,1.8714910899479806,1.8874687581188714,1.8952323094290524,67.99575160428115,66.99162693280775,67.86169143095603,68.54710078025138
NGC5055,ccc,28,4,2599.520992532914,108.31337468887142,2612.849810573615,2607.520992532914,-1311.859364934157,-24.11986797409775,-24.122246150291467,-24.118005623981926,-24.113147762706618,-0.5496043214543629,-0.5508828096206461,-0.5489362951560519,-0.5471518073620804,-0.14118416440655954,-0.26071465975091207,-0.1540812858205362,-0.054452889696432666,1.090909090907252,1.0891410887004658,1.0901939885371486,1.0907283002616468,72.99999999999426,72.84613095742267,72.93981637125015,72.98517957852519
NGC5371,ccc,19,4,396.53099149272197,26.435399432848133,408.3087474093877,404.53099149272197,-201.01117177328555,-26.99999999997989,-26.995012987903436,-26.980810270260974,-26.948253830779095,-0.34359746881354003,-0.36981766135796174,-0.3309684283946202,-0.26260008598904794,-0.15489127134456288,-0.25378506329591655,-0.15662060406549508,-0.06199449463930153,1.496177911486917,1.269827997361696,1.4539257045017688,1.5930669695847677,55.33846180214127,53.368516002611734,55.17328484254831,56.998032361891994
NGC5585,ccc,24,4,113.05872569760677,5.652936284880338,125.77094101899856,121.05872569760677,-57.3253706086041,-23.71468535415994,-23.888570118421352,-23.730979546372062,-23.574264168358138,-0.17515814542912606,-0.21714345806640994,-0.17994315540914693,-0.14408465373582716,-0.15490198792547177,-0.2479119652529141,-0.15420135643095687,-0.05617732284416055,0.9741791871830594,0.8697837179938728,0.9897251550565894,1.1246882611730111,50.96842250171125,48.95181489848142,50.953942452562146,52.90992970324752
NGC5907,ccc,19,4,417.1596049994565,27.8106403332971,428.93736091612226,425.1596049994565,-213.3240816248242,-24.32360005829647,-24.329706213884673,-24.30479202899662,-24.27698990360081,-0.2352059825193043,-0.24355652321856536,-0.23126145365055017,-0.21987571775278103,-0.154901758175369,-0.2470814039464076,-0.14990053415653692,-0.054097833477120154,1.1560693641616644,1.1257043360163033,1.1443968433799958,1.153118206852476,88.47022624155673,86.44116039519018,87.99902474898286,89.21196578520085
NGC5985,ccc,33,5,198.70890219566027,7.096746506987867,216.19144000299266,208.70890219566027,-118.86804254195872,-25.331459401000462,-25.35781901679636,-25.282262530169792,-25.19940458750525,-0.08409806114938004,-0.08624472285465995,-0.06440347849930941,-0.03917067990910948,0.3346087590710878,0.32601533065970467,0.3550365882786777,0.38641845596377244,1.748110831234243,1.5973714075589336,1.6814062243084384,1.7309172908345587,62.3316621195012,60.437917598972845,62.31042091447072,64.05465087520959
NGC6015,ccc,44,4,587.0904644768311,14.677261611920779,602.2272230125042,595.0904644768311,-302.5878308941652,-24.993519057549523,-24.99283069513257,-24.973039905399553,-24.95041989972426,-0.2899137285922081,-0.28949163997782756,-0.28444972615607506,-0.2784976858250386,-0.18731642021915768,-0.2660875708198086,-0.16591300792871522,-0.0630260217722908,1.899077458745247,1.8782986943082876,1.8911689449489577,1.8978033051871543,65.99540217751576,64.70714251035439,65.44913442239664,65.85308239108141
NGC6195,ccc,23,5,48.35691126219557,2.686495070121976,64.03438234184131,58.35691126219557,-31.276185611169623,-24.062879628761472,-24.199867812200896,-24.06840819276114,-23.933558643563693,-0.6736092759501484,-0.7377807087854085,-0.6826589329918129,-0.6390197825935209,-0.13115796177063788,-0.17730002675425063,-0.13430227703431055,-0.08963274338095625,1.0378895318508055,0.9524168574919204,1.046533050374691,1.1358891955596386,63.69142560048658,60.218068422844624,64.24799411993199,68.42937922241883
NGC6503,ccc,31,4,360.2299208855308,13.341848921686326,373.9658697034714,368.2299208855308,-189.49929008020968,-23.353760441832193,-23.42885481016866,-23.386961816897696,-23.35756006795156,-0.054645059429122705,-0.07577099052078808,-0.06409253439757573,-0.05350816783453456,-0.15490275100287004,-0.2698198319355232,-0.16341752766203516,-0.05831334944550884,0.8514376996805262,0.8558613562724525,0.8667508268195382,0.8913341991253639,70.15390816829225,68.96703394561246,70.60014962048336,72.60483077786193
NGC6674,ccc,15,5,249.43423757048504,24.943423757048503,262.9744885759961,259.43423757048504,-149.93596003724366,-24.988124533039695,-24.96116902383661,-24.919658699423575,-24.862858966643305,-0.5356534960238744,-0.5555768855319541,-0.5246882961055538,-0.4983342626166106,0.3640668827652358,0.343382936410055,0.39597665095507883,0.44568364565697316,1.5976561783478251,1.520209095709935,1.5648804528775708,1.5879502537603356,71.99999999525517,66.88572038817591,69.75162852197936,71.36411479080299
NGC6789,ccc,4,4,0.9172036070121674,0.9172036070121674,6.46238105149173,8.917203607012167,-0.45919520817194603,-21.73997300839278,-22.045741771497962,-21.75486454458266,-21.44816494792723,-0.303967463769485,-0.39063588272303124,-0.29502709797470367,-0.19722964612529825,-0.1549019580970288,-0.2503896556555308,-0.1504702340111838,-0.05304906657600487,0.9998244134030978,0.9476254411824643,0.9988051959019082,1.0522671765078206,42.876326185057565,36.41082708890202,42.84552859526185,49.89134862869824
NGC6946,ccc,58,5,115.05412805103772,2.1708326047365607,135.3563431037698,125.05412805103772,-62.176967023199225,-24.361322971362263,-24.454399655595786,-24.34526774557985,-24.211085061431973,-0.4013822723437659,-0.4283151270822175,-0.39616313350900306,-0.34893359937344676,-0.4008431502856048,-0.44136923944096795,-0.3941032662710793,-0.3396335676810397,1.4176015879346135,1.2532782065461785,1.4023038500341598,1.5522432010189329,39.12372481885283,37.33445327447767,38.929923451217626,40.72977925890834
NGC7331,ccc,36,5,786.9250569246769,25.38467925563474,804.8426516169575,796.9250569246769,-400.9390151749189,-24.10643060352471,-24.10264042573629,-24.070657810551943,-24.025292271154825,-0.5296604781265123,-0.537172595518087,-0.5179817384653103,-0.49833864238963027,-0.1690263973732099,-0.25344963336185633,-0.16144800350397862,-0.07298734069299652,1.306122448979482,1.2299313648025691,1.2727517800809895,1.29610754066849,76.68027819233734,74.9609621478711,76.77052213750204,78.40744156702172
NGC7793,ccc,46,4,25.600285571787417,0.6095306088520813,40.9148511577438,33.60028557178742,-13.732529496735872,-23.920486976358664,-24.084862996926713,-23.9264547122715,-23.766613709558058,-0.201265629047422,-0.25808930527683815,-0.2007327466209685,-0.1411321276650843,-0.15490195666733328,-0.25694677984895536,-0.1614438871343917,-0.05579855458886765,1.0102458556960618,0.9586143980160533,1.010167718347187,1.0568781605319764,55.18582484455672,49.46731247710954,55.43060117665753,61.830199195492895
NGC7814,ccc,18,5,38.24160887320162,2.9416622210155094,52.693467662682444,48.24160887320162,-24.217880189341333,-22.85814456157364,-22.929154342943487,-22.86200382120809,-22.793570954435662,-0.6119574416861948,-0.676414261857845,-0.6151271892118501,-0.5549546078857852,-0.22664269887346972,-0.2514073613808558,-0.22674998870076185,-0.2004038508902965,0.9950021750221444,0.9514219367027015,0.9991913285957925,1.0438842340629428,89.9999986369341,88.53879154900854,89.29218890715158,89.7824343007122
PGC51017,ccc,6,4,7.1717150718749085,3.5858575359374543,14.338752948787128,15.171715071874909,-3.792473901323705,-26.999999999991495,-26.76854778169478,-26.23210532233204,-25.614957840858604,-0.2454605313529578,-0.321660385066812,-0.24322689429067865,-0.17325546336793635,-0.1549059690901169,-0.2505184142242537,-0.157703500848902,-0.053079472378410986,1.030244789429457,0.9260254144620264,1.0110344746895856,1.0971681336280406,66.40376387056617,63.52325055568982,66.34260699975903,69.33666713081308
UGC00128,ccc,22,4,635.8488585870692,35.324936588170516,648.2130284005025,643.8488585870692,-339.35557333725944,-25.60945256979423,-25.608746353633,-25.591933055255264,-25.571042669797425,0.19947294793201711,0.1981636060132868,0.20466388997538096,0.21119161537725462,-0.15468014304486039,-0.24470936743460636,-0.15009580435521552,-0.059337025904721515,1.4511627906976687,1.4298689260018655,1.4432642877394029,1.4492713692493429,86.68495159562906,82.32789430060782,84.61724219985362,86.21067796805244
UGC00191,ccc,9,4,24.926008023106007,4.985201604621201,33.71490633245089,32.92600802310601,-20.274403213492356,-25.112254673085864,-25.3209396908538,-25.120439031004356,-24.901190980406728,0.022878757262329588,-0.035677600070019834,0.022287056585832674,0.08495759070941156,-0.15490195911088406,-0.25320181397317515,-0.15494269277799494,-0.0550401407006407,1.5487367652860897,1.3555209594112936,1.5485143011592473,1.7438350354401464,51.606709197444886,48.26592379025891,52.163142999525185,55.741146412126
UGC00634,ccc,4,4,4.489826436595975,4.489826436595975,10.035003881075538,12.489826436595976,-5.092448516432253,-24.656471870271236,-24.976142763371826,-24.650371201018523,-24.267625758722772,-0.12336288407986362,-0.20180417385920127,-0.12785596580206432,-0.04963216329115358,-0.154901965542428,-0.2552218612916946,-0.1516150345520748,-0.05255773942733857,1.242697777608928,1.0272473024117694,1.238217260717681,1.448627957742765,47.08744270450574,41.08220272411053,47.584803440547226,54.37403172616441
UGC00731,ccc,12,4,10.20769198088477,1.2759614976105962,20.14731858003677,18.207691980884768,-70.4980658759164,-25.989183424580773,-26.490067504864225,-25.9884355567138,-25.734277983904356,0.7779920573817876,0.7689517563088922,0.8028255614609744,0.8351466776320913,-0.15490717497263812,-0.25462766814874405,-0.15885468846250278,-0.05283745186461639,1.8999999999999966,1.8084200167755193,1.8629387179230479,1.8912699811295082,63.94523045340189,61.28845092501111,63.537627924083694,65.09807733789116
UGC00891,ccc,5,4,8.952319977902064,8.952319977902064,15.390071627638466,16.952319977902064,-5.095638775373587,-23.09691470562837,-23.496708980783666,-23.093515080674937,-22.630383021457803,-0.32551402613650887,-0.4303773089843146,-0.33640687996330626,-0.24633676869676852,-0.15490195790978284,-0.2482249936675569,-0.14205462807597688,-0.04463120636114169,0.6788587006843811,0.4799032529597602,0.6839357329832264,0.9186313649289608,58.75016322547606,53.95886259092901,59.17364098319804,63.94313368266278
UGC01230,ccc,11,4,8.632070320825875,1.233152902975125,18.223651412019358,16.632070320825875,-7.925602973244871,-26.99999999999559,-26.91065706916805,-26.686852946909887,-26.328463305519062,-0.17076336534126665,-0.22837260506842677,-0.15480716448842144,-0.08013753647974638,-0.1549015568881578,-0.25509958045502995,-0.15260101238151874,-0.0477793389421008,1.1891688999254038,1.0240923332982426,1.158815178179579,1.310860074899009,43.49621605538944,38.363235226805486,42.73939755894678,47.13166920234152
UGC01281,ccc,25,4,7.373919039957127,0.35113900190272035,20.24942233942993,15.373919039957126,-4.301726955432716,-23.43338038056824,-23.53684459849858,-23.43661737927909,-23.341235291118196,-0.19027467011939936,-0.2679806046080403,-0.18480083013445542,-0.1040132532072753,-0.1549019262220323,-0.2564469287544516,-0.16219884829564762,-0.057355276564266464,1.002435754648538,0.956048925585271,1.00395255708522,1.050565357802819,89.99999881430512,88.62550618295774,89.35543632579241,89.81373200462838
UGC02023,ccc,5,4,0.6474261862425059,0.6474261862425059,7.085177835978907,8.647426186242505,-0.3491944309806312,-23.54136738503962,-25.64297858285893,-24.1064016305332,-22.915518990194727,-0.30843460907853776,-0.41247231719632016,-0.3178737388701475,-0.21415288109261638,-0.15490196428225694,-0.2649879700099406,-0.15993416404016716,-0.05274892986261497,0.9837532776768614,0.7295801396872599,1.0294123594192444,1.3123788215215617,16.938228038351372,12.822160962064128,21.259618466421696,28.09860011197061
UGC02259,ccc,8,4,22.48395542271498,5.620988855678745,30.801721589434322,30.48395542271498,-28.040748125945775,-25.29337943082826,-25.327143912498034,-25.185370781011386,-25.026489422410318,0.1509074926028798,0.14948995817300725,0.18636901159201302,0.22917040993863194,-0.15490228859429528,-0.2564501523242894,-0.15480411905154134,-0.05419022102132234,1.8857142857142273,1.6323683339368362,1.768822354731206,1.854453422387454,47.128223518413755,44.76142699736419,47.0169206820612,48.789889744172775
UGC02455,ccc,8,4,14.606551614653435,3.651637903663359,22.92431778137278,22.606551614653434,-12.499487403909107,-21.13044654092611,-22.93245716749361,-22.271672339141023,-21.53258767146779,-0.42205388460897386,-0.5763938149580531,-0.4794521490212772,-0.38213498801451706,-0.15490195441833546,-0.26061818554361993,-0.16276173084770795,-0.06167567350705373,0.10300130254409307,0.13993691078000767,0.24358719750212665,0.40629955504027465,50.25799552917617,43.50197737663326,49.00583638068788,54.16342287159506
UGC02487,ccc,17,5,64.38955589586223,5.365796324655186,78.55562261614331,74.38955589586223,-37.60261873234915,-24.33779995411423,-24.451877156561427,-24.32968316694218,-24.17316843762579,-0.4398792488510773,-0.4515580238728764,-0.4424203429076577,-0.4327969753178331,-0.06281580032682246,-0.1170613451187628,-0.054317950915402355,0.01309660856420973,1.2552073356188305,1.1406271337987286,1.2554632007070006,1.3599851892599375,47.362804718489,44.37422148805161,47.43321809364202,49.725757246361425
UGC02885,ccc,19,5,16.638970744528212,1.1884979103234437,31.36116564036041,26.638970744528212,-10.386528389768731,-24.536484828767268,-24.649841758163408,-24.533391768323824,-24.414634309509005,-0.17463203403570676,-0.21541081233425124,-0.17487308604169466,-0.13369447055332778,-0.020779423936311776,-0.06614860127046686,-0.019669949158121806,0.028618217718645353,1.0713851828432361,0.9910913273075643,1.0741245076531452,1.1565931062047168,65.9098551318533,62.212846729554656,65.86886363814085,69.49490796363575
UGC02916,ccc,43,5,447.4191358081817,11.774187784425834,466.2251363866495,457.4191358081817,-241.82380848767377,-25.299963775957835,-26.253507477800586,-25.559311607161256,-25.141288322688116,0.20506714092243122,0.12647429611806352,0.18148535724855233,0.2472233940123901,-0.43365293927146054,-0.5227238316684004,-0.46495842136701726,-0.38912575125974375,1.1842965073238512,1.1163444627229342,1.245887328425944,1.357583635318281,55.77103170902372,52.04988490165239,56.77458551682034,61.054939438750644
UGC02953,ccc,115,5,9855.256799717872,89.59324363379883,9878.981460359688,9865.256799717872,-4956.422882573078,-23.852033808442027,-23.85508893386195,-23.851873436103663,-23.84838954529434,-0.9126004885133091,-0.9158313671041386,-0.9120775880412579,-0.9081799654052469,-0.30290645636675345,-0.3060508555532254,-0.3015231521560049,-0.2968906693912734,1.8999227408977337,1.897795893885003,1.8992086296352442,1.899794480391882,61.998753719756934,61.939659553100114,61.97701135553305,61.99406220608196
UGC03205,ccc,48,5,641.3583311957823,14.915310027808891,660.7143362503217,651.3583311957823,-330.2836758974855,-24.63519642524011,-24.631164146842178,-24.610417339798307,-24.585907032701726,-0.39404592618391054,-0.40614266125760157,-0.39155280693667194,-0.3768404982837118,-0.09626188185216829,-0.10350683012517702,-0.08587113717642995,-0.06860439501008764,1.5999986130248918,1.574401826691318,1.590411784879619,1.5974435655029842,78.9999999993293,76.29233906900294,77.83982452087703,78.68629142598343
UGC03546,ccc,30,5,242.31144803462928,9.692457921385172,259.31743494294005,252.31144803462928,-138.66749938426207,-24.674143767022805,-24.721637380246804,-24.639954349698776,-24.543250665026004,-0.385200314823459,-0.40125943262357777,-0.37676223937292685,-0.35232179315240997,-0.6503145124005592,-0.68907330806643,-0.6374225088244251,-0.5845479047484371,1.6742511962437658,1.5129266909809072,1.630121135342226,1.7151037516116636,62.98172443455127,60.333722956423806,63.79338452569543,67.04691676775141
UGC03580,ccc,47,5,266.73314646255784,6.350789201489472,285.9838844711081,276.73314646255784,-142.9563161672363,-23.403746754679094,-23.58104574199708,-23.443116502966582,-23.31799903448622,-0.10598297958365394,-0.1408773323684188,-0.11381443952461509,-0.08949680821966181,-0.527758009002391,-0.6194045876393407,-0.5495286385232924,-0.47844930554447496,0.7014568578877234,0.642792436785923,0.7249000340728811,0.8129572879573579,62.0151579918976,58.414262570718975,62.21387480914809,66.64617378596733
UGC04278,ccc,25,4,24.34849950330204,1.1594523573000972,37.22400280277484,32.34849950330204,-15.916864080625349,-23.29148153000603,-23.611526146595633,-23.261590387580576,-22.790466128472335,-0.032577390228554506,-0.0890200316238206,-0.029879035582674504,0.03493848090935744,-0.15490196344464874,-0.24997814845895097,-0.15217282606896804,-0.05527498975308643,0.841833402605231,0.5918513754223109,0.8226946872283923,1.047983215350897,89.99999956809674,85.90338687674696,88.11617642049771,89.4429342490743
UGC04305,ccc,22,4,29.072930376680176,1.6151627987044543,41.43710019011344,37.072930376680176,-17.739134872466806,-26.999999999715808,-26.813491695903732,-26.39748003171424,-25.895752844273865,-0.049915020555318546,-0.12227449502871719,-0.05129100271970625,0.02492932848274747,-0.15490354900249348,-0.24790077509412167,-0.15462569991258449,-0.05970949203248044,0.998353566671234,0.9481917037990559,0.9946448728614528,1.0400292655283716,36.86392166947138,34.1333321286276,36.86548624016775,39.63142306508777
UGC04325,ccc,8,4,26.381015978321273,6.595253994580318,34.69878214504062,34.38101597832127,-29.122069133281066,-26.999999998488835,-26.792632569990918,-26.345077381396322,-25.7939477547923,0.17610222813377174,0.14883983121718122,0.19866807620534668,0.25425745942291783,-0.1548997886156273,-0.2551823084080794,-0.1503181607406112,-0.04740438493111781,1.7742962514450937,1.5385419351882206,1.7041130036997343,1.83790362168674,45.68241273300015,43.394615992944,45.809212180030016,47.96108146184363
UGC04483,ccc,8,4,8.003821101864476,2.000955275466119,16.32158726858382,16.003821101864474,-4.602862431547247,-23.31119585362664,-23.493000028220912,-23.32033388193027,-23.151939537368797,-0.19727703819695735,-0.29261388118916976,-0.19378240290406626,-0.10140529413637923,-0.15490195147667704,-0.2546945749940535,-0.1549905569285432,-0.05350374046545834,1.026843547573613,0.9458336706191066,1.0377528896220394,1.127554859959254,58.61327320517472,55.42589453714339,58.34386162604628,61.381566684418
UGC04499,ccc,9,4,14.372376736534763,2.8744753473069524,23.16127504587964,22.37237673653476,-10.894626540205962,-24.697446514081285,-24.938130131462483,-24.685137987397404,-24.420871104474845,-0.08998436743756302,-0.1560016692103262,-0.08945161912894277,-0.024355393167363543,-0.15490196734489525,-0.2656486707116086,-0.1651872464005762,-0.06322775997404402,1.4787533510977187,1.2609015072780339,1.4755176174840092,1.6956955034144903,51.93524636726947,49.12819980002557,51.92458640629968,54.578732055420375
UGC05005,ccc,11,4,2.726054007943783,0.38943628684911186,12.317635099137267,10.726054007943784,-1.8992190870878471,-24.708488242836342,-25.016556583966224,-24.638218481968547,-24.168863661492868,-0.22387034945741469,-0.3108014786422437,-0.2251264505972375,-0.14079841437192875,-0.15490196011284665,-0.25707596199178856,-0.15513471118434333,-0.05578620039373035,1.068402165986792,0.8660989797294111,1.0558556560441565,1.2468602115368004,46.99312498541619,36.85948763201017,46.03694987516601,55.036794675644956
UGC05253,ccc,73,5,283.43050162200973,4.168095612088378,304.8827988277517,293.43050162200973,-162.47993027485978,-22.984144638033428,-23.09725711224685,-22.9609689970086,-22.821323500156947,0.15129038591360972,0.12418995212564947,0.15859384609105767,0.18939053501979491,0.24641355227955206,0.2039563088769751,0.25905940385032983,0.30859987514426557,0.48451961560516593,0.4113369205977471,0.4788156202192066,0.5644567377317707,33.639962556252655,30.992706935089323,33.368192282045506,35.84652113805975
UGC05414,ccc,6,4,1.137793965352509,0.5688969826762545,8.30483184226473,9.13779396535251,-0.8044902995677896,-23.8498696897478,-24.274274953523324,-23.91580027716778,-23.500519280640045,-0.24914150958179063,-0.3324021706795814,-0.24557688145721268,-0.16320679358617068,-0.15490194032994065,-0.25473344884551835,-0.15568574134603597,-0.06061584807006823,1.1300691629458437,0.9099169420121147,1.1735950563394089,1.4349311769725672,55.354552534883794,52.012214941581625,55.02323936546834,58.216487713612864
UGC05716,ccc,12,4,81.51374258247627,10.189217822809534,91.45336918162828,89.51374258247627,-67.37893284310894,-24.174189723533168,-24.548162347284595,-24.23656606437642,-23.878882734694688,0.42842516155157695,0.3422803675573278,0.41305461143678035,0.48336540490389723,-0.15490195633406212,-0.23117794424989982,-0.1411419075693549,-0.0431859039944357,1.0322269339787677,0.8519047082561682,1.0602608958507151,1.2818977021305997,55.29869645087129,49.18436453910677,57.13975830095465,66.0507585083667
UGC05721,ccc,23,4,103.91469944935673,5.469194707860881,116.45667631307333,111.91469944935673,-60.11238622435238,-23.557818637522033,-23.73624483413198,-23.509087911479835,-23.249600632070084,0.06429147748419294,0.016637994535108024,0.07808890381486372,0.14508056715530676,-0.15490197182285353,-0.26583875732981344,-0.1564892220935854,-0.054034209886089424,1.4761374527975764,1.1977025289862984,1.4349129438660897,1.6661089021200524,64.294788536657,59.88489061686681,64.25361470402999,68.4387099197497
UGC05750,ccc,11,4,12.130932157601809,1.7329903082288298,21.72251324879529,20.13093215760181,-7.341650179637774,-24.437256369354223,-24.824663814010453,-24.473689721515328,-24.119373158283775,-0.15259261878897135,-0.2418375517632413,-0.13794830583940398,-0.041078986464527234,-0.15490195589789724,-0.25369519700371596,-0.15728860227425737,-0.05760913167746334,1.0925497953993584,0.9281592078867599,1.1128355999993447,1.3127214853311757,67.65238847531073,59.031000907558045,68.15351271698782,77.80724076021959
UGC05764,ccc,10,4,65.04475493870558,10.840792489784263,74.25509531068177,73.04475493870558,-94.54618799979582,-25.341345451398837,-25.5701373529685,-25.325547631458306,-25.18344923167646,0.743973907346561,0.7409682359347849,0.7567855290089134,0.7739615980023606,-0.15490178963872098,-0.25670420655980203,-0.16255165426393275,-0.06000136726221386,1.8995983935742924,1.8407410261406638,1.87727755273116,1.894204627818027,84.17499809753164,79.95702640772186,84.09842874496786,87.54681636565405
UGC05829,ccc,11,4,13.519867422199905,1.9314096317428435,23.111448513393388,21.519867422199905,-9.536701204966263,-24.51647733996346,-26.566510731675987,-25.239631858817106,-24.040004204618572,-0.0808903103255536,-0.14763393244997028,-0.049852852727468006,0.03517816946421133,-0.15490196200842413,-0.2526491355005509,-0.15053007303557908,-0.05590648279956181,1.1383659450495853,0.9903899961629048,1.260344285635019,1.5158580222274203,41.030892578593544,34.94368770168092,47.80249138149597,55.81818771672436
UGC05918,ccc,8,4,18.06243949416564,4.51560987354141,26.380205660884982,26.06243949416564,-9.700122372213913,-23.73523695511261,-24.17282926538385,-23.75614310244948,-23.24433686283904,-0.19291559357531776,-0.28442235136737404,-0.18360426930719037,-0.0811561502503639,-0.15490196260114586,-0.25229178091100724,-0.15545145835061863,-0.060402504260312115,1.1059042762568878,0.8124938278627315,1.1229178623425644,1.420220731949976,47.05511169170212,42.20887925001757,47.30727634122933,52.1910853585849
UGC05986,ccc,15,4,36.19360910821847,3.2903281007471334,47.02580991262731,44.19360910821847,-19.077367343031245,-23.52203986217868,-23.7475650619991,-23.520584520150408,-23.249176262052327,-0.34238180874820656,-0.38154276152459987,-0.3413022143762793,-0.29860137196217196,-0.15490198241825162,-0.2592138015328066,-0.15426788585030685,-0.04784015110234881,1.4015420682202333,1.151946764194141,1.4018570508224686,1.6492149978431865,89.99999852660453,85.72112799648886,87.99481526642772,89.4111522361945
UGC05999,ccc,5,4,14.970324472754072,14.970324472754072,21.408076122490474,22.970324472754072,-8.534156399773341,-25.019490957564187,-25.612268699133914,-25.053353851733657,-24.414976645126558,-0.19708193175311856,-0.3046541195074377,-0.21099308530658512,-0.11327161542982453,-0.1549019619367188,-0.26653671610279955,-0.1645582613587645,-0.05598674590775147,1.06294695935429,0.8701088510039271,1.0619686023072994,1.2391805110503957,31.579010422233942,25.05443458990533,32.59099705949917,39.49090335401037
UGC06399,ccc,9,4,8.707923926032617,1.7415847852065234,17.496822235377493,16.707923926032617,-5.67115503861881,-23.677503201379835,-23.885922276499212,-23.67415006519478,-23.447976099800428,-0.14414534476929786,-0.22214341932322534,-0.13968946596897686,-0.05259161838385132,-0.154901947257023,-0.2582915845000145,-0.1562207706548483,-0.05728216723718987,1.0572183912195,0.9169521395892157,1.0503219375283015,1.1882614246334529,75.11637027769044,73.07841367417542,75.04683486018888,77.11516698226608
UGC06446,ccc,17,4,9.78107934807295,0.7523907190825346,21.113932724297815,17.78107934807295,-21.72689247431529,-24.819860220535155,-24.870663144892855,-24.703233685368488,-24.50423381178995,0.20353564256833803,0.17200980065438137,0.221562309887339,0.2712057641570911,-0.15490194867873475,-0.24686666737432597,-0.15529718714162946,-0.060991639151518215,1.785625477791312,1.4993955089671909,1.6797231778993291,1.824820393703825,54.49367661829582,51.562760351419335,54.37674823248288,57.125912270121184
UGC06614,ccc,13,5,14.497507848466169,1.8121884810582711,27.322254635773852,24.49750784846617,-7.440500196477222,-24.070597766795796,-24.331982068277142,-24.068542605691867,-23.79190837821904,-0.25128503456652745,-0.3311036767373504,-0.2464146403554467,-0.16864213268954548,-0.17878274996180887,-0.27973133374194736,-0.18068356958825524,-0.08339323811097449,0.994787387922992,0.8886910270683425,0.9890750651684176,1.0860164497794962,33.23793404179183,28.4370234707696,33.460596135108844,39.11508575979832
UGC06628,ccc,7,4,2.9269591001311115,0.9756530333770371,10.710599696352364,10.92695910013111,-1.5436896914682428,-26.999999999953364,-26.742422603383794,-26.160345403214393,-25.42081543448914,-0.26344609782808265,-0.3486473437468803,-0.25458515413129446,-0.1647780536790109,-0.1549018144093555,-0.25316618575155136,-0.1525558206396181,-0.05075330568276319,1.0130197468360027,0.7258727406931132,0.9785873095699745,1.2607349921343884,21.31460482265204,17.46615080701395,21.053291674496766,25.3793660391461
UGC06667,ccc,9,4,117.96113867615664,23.592227735231326,126.75003698550151,125.96113867615664,-65.91819482094077,-23.431481284384613,-23.62512375965411,-23.451077106106624,-23.24784735732399,0.0683705613302431,-0.02271323469580716,0.07196086323411385,0.16601827438835565,-0.1549019695699847,-0.254262073185991,-0.15747755067228247,-0.05621873863993085,1.0665463053237096,0.9390248120715258,1.0753641058344967,1.2072370496562657,89.0022364178168,87.80147743323823,88.75811806132106,89.52920197930305
UGC06786,ccc,45,5,420.9835228133472,10.52458807033368,440.01683526219875,430.9835228133472,-219.11663870153723,-23.922967986851067,-23.91741821882706,-23.853720747705644,-23.74860260123643,-0.5360757140744192,-0.550001171060877,-0.5327493872561883,-0.5151529271021652,-0.24335417811456206,-0.24663528861079537,-0.21663404161516026,-0.1774702122692054,1.7494880546070306,1.5625115519706374,1.6723369046116203,1.7290200413769914,68.18145131935793,65.25967399301057,68.05606168104904,70.78833880751431
UGC06787,ccc,71,5,1544.4735273650995,23.401114050986354,1565.786926750306,1554.4735273650995,-788.8528150986089,-24.317923909201824,-24.32179161377299,-24.306333682457243,-24.291328907175927,-0.14591865453701436,-0.15266999580107912,-0.14251873285330127,-0.13333637984623573,-0.5130381075316821,-0.5157254261140392,-0.5067280834518563,-0.4976260532553307,1.7492957746458697,1.7348837969395046,1.7435153657333533,1.7478396829243013,74.99999999982067,73.50081176275094,74.3924392175906,74.85927069651467
UGC06818,ccc,8,4,11.034470942033828,2.758617735508457,19.352237108753172,19.034470942033828,-6.176546319867409,-23.58883507860602,-23.809220290361562,-23.601804903273162,-23.367809779145404,-0.4122902150295763,-0.5036124536820761,-0.4216901625967253,-0.33314257915566625,-0.15490194810031788,-0.2648899117665248,-0.16164767488944065,-0.06473351110525953,0.961275551330614,0.8332346160112408,0.9644792626191447,1.0958715705372868,74.83569206353286,71.9128543843427,74.95772444865531,77.85936661050135
UGC06917,ccc,11,4,14.417165564659678,2.059595080665668,24.00874665585316,22.417165564659676,-12.112446834708452,-24.17596931840696,-24.324003096339055,-24.15824285668853,-23.989419783253272,-0.007101092375659628,-0.061130079910417336,-0.010560596679509412,0.040232976420411966,-0.15490196442889764,-0.25043742298208604,-0.15119889598509656,-0.049965741017286916,1.1405309270328652,1.0117344772219592,1.1293992601823049,1.2561277402402473,56.76032351277823,54.96057815042479,56.95893568368459,58.916053974487916
UGC06923,ccc,6,4,3.4826020701119056,1.7413010350559528,10.649639947024125,11.482602070111906,-1.7741971938878036,-23.57572638137092,-23.81448817297856,-23.594082486551553,-23.350301204131483,-0.27597609034309023,-0.3718960347685119,-0.28668671355302033,-0.1997772765621408,-0.15490197285911797,-0.25050092235260674,-0.1531009114914182,-0.05527414621250462,1.007431801736018,0.8852039717148217,1.0234924568614705,1.1579675574423838,65.02524205561632,63.007815540221195,65.05473854986128,66.97745709661524
UGC06930,ccc,10,4,10.831549791168873,1.8052582985281456,20.041890163145055,18.831549791168875,-9.91648014869191,-25.013170893425873,-25.335326136567126,-24.996346725469863,-24.69678780421631,-0.09240094805432654,-0.14850190395935634,-0.08234390297268798,-0.019097892006352202,-0.15490196348278196,-0.25746972212280417,-0.1613672171874564,-0.0587806537310973,1.1547991092556817,1.0283340905411134,1.1505528957748616,1.2783382051822039,41.228451736436725,37.364312572726895,40.85397492726935,44.41549499358952
UGC06973,ccc,9,5,28.45257239481268,7.11314309870317,39.43869528149378,38.45257239481268,-34.35448691094995,-21.948416134093854,-22.218296059508674,-22.018383450607782,-21.83975251520677,-0.8498790137892078,-0.9120735691429399,-0.8587490382192559,-0.8080864519320176,-0.37127189589823556,-0.46589602246347955,-0.38166188865227124,-0.30504609525627496,0.6814300689888088,0.6285967238792183,0.7193088513809929,0.8355235211786327,69.69162065221526,66.54050978451754,69.48542682486774,72.51895641711126
UGC06983,ccc,17,4,20.473084735886218,1.5748526719912475,31.805938112111082,28.473084735886218,-20.908857208681063,-24.292058470696436,-24.44180167851601,-24.282188951095215,-24.119414782779277,0.14387949978386655,0.0998631640833909,0.14615665905283828,0.19093490521056838,-0.15490196136653805,-0.2575999934633953,-0.15513707838992238,-0.05207405374528151,1.1676680757593223,1.039644652811662,1.1587428307596737,1.2804239962542925,49.304675946197456,48.402966755482794,49.35382561707506,50.321742347899516
UGC07089,ccc,12,4,1.758437012432498,0.21980462655406224,11.6980636115845,9.758437012432498,-0.9893184967970843,-24.116248507727274,-24.332178234756743,-24.12426611858048,-23.890334336026882,-0.25790887642444077,-0.34128703462365917,-0.2574780154903355,-0.17334866752389008,-0.1549019625088836,-0.25332421191522714,-0.1501774647873208,-0.050359401530204975,1.0254743090458804,0.895945710938893,1.029652156654882,1.1536716824037547,80.07444699751747,77.1024153614408,80.1242289436368,83.09181813882061
UGC07125,ccc,13,4,25.379633914190883,2.819959323798987,35.63943134403703,33.37963391419088,-18.09730600227777,-25.399562443163887,-25.74828096112055,-25.460942065479244,-25.174656267150596,0.017967554950389243,-0.05632916080765469,0.0065290035578016836,0.07294088734210555,-0.15490193343396497,-0.25490928552839687,-0.15143807551919797,-0.050262665719566606,1.2382039323431853,1.0837916356509856,1.2808398958116798,1.4912277021817328,89.99998986715255,85.63009347220905,87.88990105395624,89.39722674639775
UGC07151,ccc,11,4,16.341811139342415,2.3345444484774878,25.933392230535897,24.341811139342415,-16.793275198613635,-24.200268653745887,-24.332059803824265,-24.20220438129892,-24.076693338126375,0.10772979381639064,0.07463919462915,0.10964969696484607,0.1445943490795823,-0.1549018373715431,-0.2621048415502499,-0.15622242121387797,-0.05500475957727832,1.0362425775574682,0.9854902448709361,1.033603677220136,1.0813907140417305,89.99999203190049,86.05944493825375,88.15708004041069,89.42006174662602
UGC07232,ccc,4,4,1.8484007410019054,1.8484007410019054,7.393578185481468,9.848400741001905,-0.9677266590133364,-22.510737502197856,-22.7310673031053,-22.51660666845568,-22.316930900079523,-0.3298459209991627,-0.42947868950214935,-0.33363648899433523,-0.23721705835628257,-0.1549019660317148,-0.2524514177774125,-0.15021536719904005,-0.05693039073514277,0.9981204542206643,0.9409402366126026,1.0032877304592713,1.0629712459450338,58.724417621359606,53.82218651194641,58.523623365149135,63.580960500323165
UGC07261,ccc,7,4,4.813868428017559,1.6046228093391866,12.597509024238812,12.81386842801756,-4.269961368718111,-24.929809265727503,-25.73138324431586,-25.01797499760012,-24.50287149533764,-0.20437764072561743,-0.29887788546564026,-0.21426421178599206,-0.13215077398399527,-0.15490195785081107,-0.25450928489027147,-0.1525934723802628,-0.0513022194815588,1.2736596063485992,1.0429524664137242,1.2861199476270393,1.5329370419191117,43.9992145916447,38.58278079935921,45.11299727514974,51.56803894433038
UGC07323,ccc,10,4,2.316223826103654,0.38603730435060896,11.526564198079837,10.316223826103654,-1.7161360364199512,-24.156085155959484,-24.53836435467807,-24.16812373284075,-23.73049722731432,-0.2195268040658096,-0.2936817634846078,-0.2172874905019416,-0.13976711445260087,-0.15490194624693723,-0.2592038437775691,-0.15861053085095328,-0.05741921932602405,1.188654536057075,0.9250069066726275,1.1838014151840677,1.4342448048634604,47.71196039673257,44.79657228994279,47.8836141544781,50.78142193475781
UGC07399,ccc,10,4,23.961441562734237,3.9935735937890393,33.171781934710424,31.961441562734237,-23.416382228878398,-23.78764125596418,-23.879909516358765,-23.730531240998406,-23.530404275797576,0.10667340169494886,0.06696608662348853,0.1166155442394634,0.17571615633556334,-0.1549019823300698,-0.256699083957289,-0.15757814504581666,-0.06339578353716983,1.7021694920765138,1.4210763898956673,1.6421941542335472,1.8120985374163174,57.64136711719891,54.65236523618112,57.513656394748615,60.23138487829578
UGC07524,ccc,31,4,54.89758830401496,2.0332440112598134,68.63353712195554,62.89758830401496,-49.05620927140089,-25.00973847802016,-25.126678524393128,-24.978899103920114,-24.84639891537788,0.317354072216147,0.28655871839902536,0.3244437959625017,0.3631417127107727,-0.15490196434529913,-0.2584979097433891,-0.15758541316985084,-0.06335564660687779,1.056744039266505,1.002906524560704,1.0496285681984385,1.0986533181414384,51.78540329304147,49.046304777591104,51.36252479050791,53.42187002483264
UGC07559,ccc,7,4,1.6010888608284237,0.5336962869428079,9.384729457049676,9.601088860828424,-0.8242639097368997,-23.79855650789062,-24.00087863486866,-23.827440575924967,-23.66901166772324,-0.27936388836018666,-0.37715616821086106,-0.2773163897529811,-0.18049226696655157,-0.15490194381567748,-0.2626917734823847,-0.15981293368210758,-0.060510031857743826,1.0007349126728335,0.9512208230289184,1.0046494104843977,1.051570250528007,61.05051095885698,58.411553969320785,61.20332175031359,64.00590540096007
UGC07577,ccc,9,4,1.1022970115931645,0.2204594023186329,9.891195320938042,9.102297011593164,-0.5525069425151115,-24.580065572910343,-26.252936398802092,-24.994213901694152,-24.466044549097845,-0.30560249185444,-0.3743716694732486,-0.27417848041330184,-0.17621881166394524,-0.15490197101518666,-0.26371692931304863,-0.16535559166814146,-0.06056041389819806,0.9991401435738472,0.9532591459735311,1.0040982313287903,1.0518046744124276,62.945285508164105,60.52238503296631,63.51822007264174,66.29877204879261
UGC07603,ccc,12,4,8.132473770008744,1.016559221251093,18.072100369160744,16.132473770008744,-4.115178772495929,-22.777498546155847,-23.114662815986836,-22.757280688073525,-22.269343550619922,-0.27110108625352086,-0.3497610811935323,-0.27436032193911797,-0.20065214218989855,-0.15490195150623434,-0.2552229242205718,-0.15212695453725836,-0.05325321955890755,0.9727237378346287,0.664628412658578,0.9597737036993557,1.2422418665245636,77.98028020215706,75.17278180844228,78.19955556422794,81.05618605604415
UGC07608,ccc,8,4,5.3504880014784035,1.3376220003696009,13.668254168197747,13.350488001478404,-2.7778794197829098,-23.288919945657582,-24.09670332854255,-23.412435566288057,-22.596928919154365,-0.26061590826577263,-0.346409516815997,-0.25165365686471236,-0.16098951019888733,-0.15490195611706314,-0.24934811414078709,-0.14772276476368504,-0.050942176197536666,1.0240017714279286,0.7864951686934678,1.083287919946601,1.3721898818130895,26.88479244713985,19.206245363593787,28.442954180474675,38.403141947255776
UGC07690,ccc,7,4,3.3628555820928057,1.1209518606976019,11.14649617831406,11.362855582092806,-3.627806257693855,-24.280879327870174,-24.759886221116922,-24.329391357019958,-23.967006057227234,-0.16442272290026935,-0.2448187112131986,-0.1726370567868578,-0.09659011005856172,-0.154901966907393,-0.2544321451334459,-0.14996982507045425,-0.0517965293939663,1.3379550004594374,1.1504549661237542,1.3755662996086224,1.5958802103538707,45.342888055607666,41.30876051012647,45.52458747936756,49.799725401505256
UGC07866,ccc,7,4,2.4552126172380904,0.8184042057460301,10.238853213459343,10.45521261723809,-1.3128216410433977,-23.66402660189736,-23.937166481679945,-23.680436551590834,-23.422614884182057,-0.26180230269448335,-0.3630763770090406,-0.26254323024156667,-0.16532069146103728,-0.15490195580153515,-0.25578408816100884,-0.15539556142079358,-0.054897336092134506,1.001769053797756,0.9486601756020737,0.9992585423785344,1.0499233013071654,44.618747314988155,39.98328409938812,45.09978983350804,49.91325610932538
UGC08286,ccc,17,4,101.66601977912312,7.820463059932548,112.99887315534798,109.66601977912312,-62.17327173226693,-23.541858039982614,-23.58355946325029,-23.533427391927003,-23.482223395808568,0.1664696305320794,0.143754821575771,0.1637458158198005,0.1884165612060785,-0.1549019350698974,-0.25203467365022986,-0.14970781346639217,-0.041580141607929666,1.0293437385234658,0.997011942889953,1.0291984416436737,1.0585705859106205,89.99999066476653,86.02899460629263,88.17159485430878,89.42387171871083
UGC08490,ccc,30,4,29.250841680559002,1.1250323723291924,42.85563120720762,37.250841680559006,-21.429736234263714,-23.50751481282562,-23.630276515286386,-23.50597066137331,-23.372413103846263,0.01962070715757787,-0.014581514704233994,0.018274436290367506,0.055165227923317614,-0.15490194731193319,-0.24836610632170336,-0.14915327631634473,-0.053593378625533344,1.1628599250154272,1.0690602987331272,1.168412376876365,1.261854004724295,53.40111521858448,50.627590283619334,53.315668734620886,55.93407260642041
UGC08550,ccc,11,4,65.30422994977296,9.329175707110423,74.89581104096644,73.30422994977296,-42.271026095988454,-24.239351548948004,-24.274084361337476,-24.142330041818344,-23.93983601664142,0.04839614821352278,0.023083941926421617,0.06479773372177414,0.10655288420912902,-0.15490196584897803,-0.2534330171129275,-0.1521774859693313,-0.05339807536243393,1.7913521925718192,1.4868691149355888,1.6885727894771625,1.8343783921635852,89.99999895841935,86.03803323394213,88.17139234671512,89.48377124512633
UGC08699,ccc,41,5,81.76672795263774,2.2712979986843815,100.33458828615927,91.76672795263774,-45.11106310085428,-24.214243535827457,-24.322995360747573,-24.214372353360254,-24.078746924462738,-0.28150239624229534,-0.30677153816845676,-0.28207619683402146,-0.25609838662182993,-0.3332478453200647,-0.3756813698122718,-0.33053123166591947,-0.2767166066319672,1.5398804214994422,1.4239161315391595,1.5599181416230463,1.6784419662013026,79.7844475973867,73.22795993409278,78.77188291514585,85.20964979690311
UGC08837,ccc,8,4,3.0841920842747594,0.7710480210686899,11.401958250994102,11.08419208427476,-1.6745246009954549,-24.01945857925066,-24.154690400453937,-24.019328148763243,-23.894182785576493,-0.35228211378663277,-0.43004452185232034,-0.3481188728823189,-0.2630817525101531,-0.15490195992664574,-0.24864600932204745,-0.1487845640275767,-0.0524123468880478,0.9980215751771299,0.9454176669435508,0.9967051447329303,1.0471141065224234,79.87659634261279,75.20735970848008,79.9645821417565,84.38871423580652
UGC09037,ccc,22,4,28.991823356083717,1.6106568531157621,41.35599316951698,36.991823356083714,-15.91310324318809,-23.990494434569076,-24.124937915422496,-23.977434742058684,-23.82939119532073,-0.4050139209115724,-0.453518792409224,-0.407425379124977,-0.35922773754761606,-0.154901955275223,-0.27108899343523,-0.16460022663419027,-0.06283438677055611,0.9001291610852935,0.8095435791507104,0.895935188234126,0.9910092492237972,60.62628413459379,55.652083125214666,60.721274938605376,65.91059743054578
UGC09133,ccc,68,5,2491.983395818725,39.55529199712262,2513.080934344606,2501.983395818725,-1271.5829332925982,-25.19401126836671,-25.18428809224785,-25.14413524169822,-25.09836842798043,-0.23302554785023005,-0.2318566826713001,-0.2217654470543604,-0.21037326641842993,-0.7453327680611745,-0.746421778720769,-0.7236094139949587,-0.7004296066826193,1.5989492119084519,1.5153180715148362,1.5625205682375287,1.5887721480118486,68.71399468703228,66.24656757153271,68.4989315649662,70.22815631243132
UGC09992,ccc,5,4,0.9084668033407911,0.9084668033407911,7.346218453077192,8.908466803340792,-1.3509283049992815,-26.999999999712834,-26.582958749566295,-25.67647854832974,-24.592223159552866,-0.25051008429963467,-0.3522500872044322,-0.25259922176870386,-0.15952608798293355,-0.15490205653340605,-0.25385151357439373,-0.14961967407605353,-0.05113403033796256,1.195041426160117,0.8905543366135157,1.1251580513563249,1.3723750748044874,40.561648213238854,32.50611756353442,39.03424006079438,45.520249856339305
UGC10310,ccc,7,4,2.129027984972222,0.7096759949907406,9.912668581193476,10.129027984972222,-7.249751525147106,-26.490187742085876,-26.697355001021897,-26.070530759440597,-25.274974038473704,-0.0821551662369771,-0.14637020110457158,-0.07357573493567793,0.005130936822830182,-0.15490197274742012,-0.2495278400551665,-0.15388764496525653,-0.04969711584684852,1.573843984584612,1.3031361618528927,1.509286924648653,1.707169866421833,45.97651238014976,41.07481352640652,45.09380182882343,48.630428086584864
UGC11455,ccc,36,4,432.17460584543034,13.505456432669698,446.50868159925477,440.17460584543034,-224.47265098424285,-24.017624018731812,-24.036558856285147,-23.986763897531556,-23.938502940541923,-0.5797858249739074,-0.6042466705766213,-0.577229138441484,-0.5519127413901845,-0.15343606160410994,-0.2589280844751387,-0.16283271525250542,-0.0652362977621992,1.4503816793848687,1.396036701657912,1.430154423659104,1.4451153953917095,89.99999995269471,88.6705277404137,89.37623521740534,89.82532589690739
UGC11557,ccc,12,4,6.29242608723376,0.78655326090422,16.23205268638576,14.29242608723376,-3.4740884115818607,-23.780911319865105,-24.27869505065414,-23.676348510325845,-22.95845991778223,-0.30495785425408267,-0.40501497425563987,-0.3111826883063387,-0.20987431192422673,-0.15490195828363681,-0.2510090977493951,-0.1525684783443693,-0.056474206369153124,0.939730217700537,0.6665399020720325,0.9187888710388443,1.1698641664805849,22.279321389380442,15.036023723084671,22.22776070126388,29.720540332353846
UGC11820,ccc,10,4,21.89924990691681,3.6498749844861353,31.109590278892995,29.89924990691681,-23.175710582986508,-25.11959166869798,-25.3546387023193,-25.089791269070027,-24.857329571937537,0.16982309590920275,0.11297354073944971,0.16770191135681314,0.2249147867566118,-0.15490195287362218,-0.249530664121848,-0.14855664515337996,-0.05275257864040875,1.3146188106124774,1.0919794575258435,1.2996731841345255,1.520740361652774,55.87232535321891,49.839012842954105,56.575535577370346,63.94011388553263
UGC11914,ccc,65,5,90.62287529234254,1.5103812548723756,111.49481164182072,100.62287529234254,-54.70958458445054,-22.78191846067352,-23.32128495160729,-22.925963822949004,-22.651643688130008,-0.6799781115413503,-0.731250249034708,-0.611519638968319,-0.49113630495769445,0.05557838739615936,-0.08830597872630477,0.012399293267187778,0.10569532254864003,0.9832076372461143,0.8152887905289637,1.0175780393687237,1.2475356027974063,30.733900243546245,29.073253837380438,32.02046669709598,35.177266742928616
UGC12506,ccc,31,4,30.887903228047293,1.1439964158536033,44.623852045987874,38.88790322804729,-29.596374311841664,-25.120315008915703,-25.228539430700657,-25.108720404140172,-24.994878187035745,0.19398403908924927,0.16992651685872714,0.20113388297202237,0.23541907536778214,-0.15490194279590508,-0.24911362219937416,-0.15269436604277736,-0.06219421280031508,1.1948624188080474,1.1063876100173884,1.1862969016129092,1.2537359303655609,86.73578777874856,82.62013598367882,85.94271856406684,88.4636521673428
UGC12632,ccc,15,4,6.381139567978846,0.5801035970889861,17.213340372387687,14.381139567978845,-21.929091019534667,-25.921803077634518,-26.054509524042967,-25.790958625917657,-25.566156483222887,0.20237376044041205,0.19155844895046942,0.23485395872487888,0.28261827903058784,-0.15490303457513738,-0.2529042312533887,-0.15519320998382047,-0.054444534450445795,1.899692937555312,1.647756720956923,1.789732971662608,1.8670527757534694,51.31220996820758,48.877157502624435,51.26891086186346,53.54487389800672
UGC12732,ccc,16,4,11.111642452270054,0.9259702043558379,22.20199734122918,19.111642452270054,-18.49040421264095,-25.43508828409358,-25.667953786937662,-25.426872598132576,-25.154956110194252,0.1319051716820303,0.0787082181862627,0.13404482801221013,0.19886872730080016,-0.15490195520247899,-0.2604212201573866,-0.1591712724542383,-0.0618854973781539,1.59309802973927,1.3935352760921975,1.6035426228109269,1.7819961640093018,49.891539129003114,45.602508202803435,49.92964423130997,54.02762616530618
UGCA281,ccc,7,4,4.487867163238747,1.4959557210795822,12.27150775946,12.487867163238747,-2.5357649471067165,-22.962191750823024,-23.129173315784538,-22.97697690847106,-22.82456117170977,-0.2261823098188745,-0.32040583790080124,-0.2203515303419799,-0.12159645904942691,-0.15490194982574215,-0.25377991837131475,-0.14748424167574115,-0.05414383433283466,1.0056289885189527,0.9573517685334977,1.0081644994685104,1.0576906821366687,67.30603252669279,64.4605490642544,67.05454225511846,70.00907326859166
UGCA442,ccc,8,4,162.7649316692663,40.691232917316576,171.08269783598564,170.7649316692663,-119.9507626526964,-23.07499011268341,-23.287872270793763,-23.122038116692647,-22.96489921852803,0.5499165682900172,0.5095197541552563,0.5478513669773432,0.5889004725076623,-0.1549019544015679,-0.2596095008033979,-0.16263242132099348,-0.059796547753281866,0.973688245537562,0.9215354400977906,0.9702627901166699,1.0241282896355186,49.22531845577064,45.70385614356488,50.87493071317792,57.763873357971086
UGCA444,ccc,36,4,21.974370964018004,0.6866990926255626,36.30844671784244,29.974370964018004,-11.13394870001332,-23.322546272670674,-23.41182741048449,-23.319350778551645,-23.223797950796698,-0.24701984874828914,-0.35112590898301627,-0.24818035048172687,-0.14296426152016475,-0.1549019605609715,-0.2551216688828346,-0.15324591774521254,-0.04843823477232316,1.0018824033035594,0.9496347359170015,1.002643389424355,1.0533388526636398,78.08537824253776,74.41354175423974,78.17570403869738,82.12000331983826
