galaxy,Q,N,chi2nu_nfw,chi2nu_mond,chi2nu_ccc,log_rho_t,Yd_ccc,dBIC_ccc_minus_mond,dBIC_ccc_minus_nfw
CamB,2,9,8.64,21.25,6.09,-24.47,0.45,-94.9,-6.3
D512-2,2,4,0.62,0.35,2.60,-23.64,0.52,+3.6,+0.6
D564-8,2,6,3.73,2.72,0.23,-23.62,0.49,-5.9,-5.0
D631-7,1,16,5.98,12.79,6.48,-23.46,0.24,-85.7,+9.2
DDO064,1,14,0.67,0.34,0.76,-23.30,0.60,+6.5,-1.1
DDO154,2,12,13.64,3.45,14.51,-23.58,1.08,+87.5,+18.1
DDO161,1,31,1.02,1.42,13.30,-24.56,0.26,+322.8,+329.1
DDO168,2,10,14.27,17.90,6.86,-23.23,0.46,-81.8,-32.5
DDO170,2,8,4.32,4.82,15.58,-25.25,1.21,+40.3,+47.3
ESO079-G014,1,15,4.67,3.79,4.25,-24.63,0.88,+4.0,-2.6
ESO116-G012,1,15,3.02,2.37,2.32,-23.72,0.79,-0.2,-7.4
ESO444-G084,2,7,1.49,3.33,8.99,-22.73,0.53,+15.6,+22.0
ESO563-G021,1,30,19.05,17.83,23.88,-24.11,0.55,+142.9,+141.3
F561-1,3,6,1.20,1.63,2.18,-26.32,0.56,+1.3,+1.4
F563-1,1,17,1.34,1.47,2.15,-24.78,1.09,+10.1,+9.0
F563-V1,3,6,0.99,0.90,0.86,-26.02,0.56,+0.8,-1.1
F563-V2,1,10,1.90,1.01,2.19,-24.39,0.86,+8.4,+1.4
F565-V2,2,7,0.94,0.42,1.69,-23.55,0.54,+5.4,+1.3
F567-2,3,5,1.78,2.27,3.78,-26.01,0.66,+0.8,+0.4
F568-1,1,12,1.19,1.24,3.12,-23.76,0.87,+16.2,+14.1
F568-3,1,18,3.88,3.07,2.25,-24.46,0.85,-11.6,-21.9
F568-V1,1,15,0.28,0.95,1.36,-24.43,1.53,+6.3,+9.5
F571-8,1,13,4.31,43.82,10.45,-21.78,0.11,-341.5,+57.0
F571-V1,2,7,0.78,0.26,1.03,-24.20,0.56,+4.0,-0.4
F574-1,1,14,2.18,2.36,2.74,-24.74,1.65,+4.0,+5.1
F574-2,3,5,0.13,0.08,0.20,-25.91,0.50,+1.6,-1.5
F579-V1,1,14,0.25,3.05,1.61,-26.50,0.82,-14.8,+11.2
F583-1,1,25,1.78,1.99,1.81,-24.62,2.14,-2.7,-0.9
F583-4,1,12,0.21,0.14,0.92,-24.10,0.63,+8.6,+3.4
IC2574,2,34,37.13,2.91,2.13,-24.19,0.57,-22.8,-1016.2
IC4202,1,32,20.53,32.28,35.49,-25.48,1.28,+58.0,+421.0
KK98-251,2,15,1.51,1.11,0.22,-23.94,0.51,-8.2,-15.4
NGC0024,1,29,0.92,0.76,9.13,-23.55,1.46,+211.8,+202.6
NGC0055,2,21,2.84,1.49,1.75,-24.09,0.39,+5.9,-18.8
NGC0100,1,21,0.89,1.11,0.06,-23.46,0.49,-15.8,-16.3
NGC0247,2,26,2.02,3.14,2.01,-25.22,2.18,-24.7,-1.4
NGC0289,2,28,1.95,2.05,2.92,-25.10,0.69,+22.3,+21.9
NGC0300,2,25,0.74,0.89,2.51,-23.78,0.64,+36.5,+34.7
NGC0801,1,13,6.77,21.16,14.55,-24.98,0.53,-78.1,+74.2
NGC0891,1,18,3.42,7.85,6.10,-23.36,0.38,-27.7,+35.4
NGC1003,1,36,2.48,4.82,29.21,-24.74,0.37,+779.0,+854.2
NGC1090,1,24,2.72,2.50,5.03,-24.80,0.50,+51.3,+45.6
NGC1705,3,14,0.15,0.39,3.18,-22.19,0.38,+30.2,+27.8
NGC2366,3,26,3.50,1.83,2.69,-23.86,0.75,+20.4,-17.4
NGC2403,1,73,8.98,13.91,15.27,-23.33,1.12,+84.2,+438.8
NGC2683,2,11,1.50,2.83,22.47,-26.85,1.00,+117.4,+124.9
NGC2841,1,50,1.48,1.52,20.67,-23.77,0.57,+864.4,+861.3
NGC2903,1,34,6.34,8.84,34.08,-23.76,0.17,+751.8,+834.9
NGC2915,2,30,0.97,2.26,3.90,-23.03,0.93,+43.7,+73.8
NGC2955,1,24,4.02,4.13,4.19,-24.05,0.48,+0.2,+4.0
NGC2976,2,27,0.84,1.30,0.39,-23.17,0.54,-19.1,-12.9
NGC2998,1,13,3.05,3.50,3.10,-24.75,0.77,-4.5,+1.0
NGC3109,1,25,9.91,3.88,0.48,-23.32,0.67,-72.0,-191.4
NGC3198,1,43,1.46,2.10,8.55,-23.73,1.03,+253.1,+274.1
NGC3521,1,41,0.25,0.51,0.64,-23.90,0.40,+7.9,+11.0
NGC3726,2,12,2.73,2.95,13.27,-24.48,0.43,+82.1,+84.6
NGC3741,1,21,0.41,0.74,1.97,-23.34,0.87,+23.4,+24.0
NGC3769,2,12,0.94,0.96,2.80,-23.87,0.59,+16.3,+13.4
NGC3877,2,13,5.91,8.75,10.10,-26.29,0.69,+5.9,+41.0
NGC3893,1,10,1.01,1.07,0.62,-23.52,0.51,-1.4,-3.6
NGC3917,1,17,3.34,3.25,3.88,-24.69,1.00,+7.8,+7.6
NGC3949,2,7,0.75,0.58,1.09,-23.75,0.52,+2.9,-0.2
NGC3953,1,8,0.51,3.21,1.01,-25.72,0.74,-9.9,+0.4
NGC3972,1,10,1.80,1.76,3.38,-23.94,0.73,+10.3,+9.0
NGC3992,1,9,0.72,3.21,36.60,-23.50,0.18,+166.0,+177.9
NGC4010,2,12,3.09,2.60,1.57,-23.77,0.51,-8.3,-11.5
NGC4013,2,36,0.80,1.74,40.01,-23.36,0.10,+1188.2,+1212.8
NGC4051,2,7,1.72,2.52,2.71,-25.75,0.63,+0.0,+2.7
NGC4068,2,6,7.17,1.89,0.59,-23.75,0.48,-2.7,-7.8
NGC4085,2,7,9.80,6.64,4.08,-23.27,0.38,-12.4,-9.3
NGC4088,1,12,0.58,0.68,12.25,-26.76,0.45,+94.3,+91.4
NGC4100,1,24,0.99,1.63,6.76,-23.51,0.35,+104.2,+113.1
NGC4138,2,7,4.49,2.29,1.32,-22.86,0.29,-2.3,-3.8
NGC4157,1,17,0.49,0.72,8.22,-23.60,0.18,+92.0,+90.4
NGC4183,1,23,0.20,1.13,2.27,-24.45,0.92,+23.6,+36.4
NGC4214,2,14,0.66,1.23,4.32,-23.07,0.33,+32.3,+34.7
NGC4217,1,19,3.63,2.62,1.48,-22.54,0.26,-15.6,-29.4
NGC4389,3,6,21.90,7.85,6.95,-23.54,0.30,-7.9,-9.8
NGC4559,1,32,0.24,0.50,1.34,-24.39,0.62,+26.5,+27.4
NGC5005,1,18,0.10,0.11,0.14,-23.70,0.56,+3.2,-2.3
NGC5033,1,22,3.51,7.89,41.90,-24.62,0.42,+573.3,+652.9
NGC5055,1,28,2.58,8.17,108.31,-24.12,0.28,+2398.7,+2536.8
NGC5371,1,19,5.06,12.30,26.44,-26.98,0.47,+202.7,+322.8
NGC5585,1,24,6.65,6.79,5.65,-23.73,0.66,-26.4,-16.4
NGC5907,1,19,5.24,17.01,27.81,-24.30,0.59,+147.9,+340.9
NGC5985,1,33,1.92,6.90,7.10,-25.28,0.86,+2.0,+143.5
NGC6015,2,44,8.76,10.75,14.68,-24.97,0.52,+150.0,+241.5
NGC6195,1,23,2.08,2.20,2.69,-24.07,0.21,+9.8,+9.8
NGC6503,1,31,1.55,3.09,13.34,-23.39,0.86,+277.1,+316.5
NGC6674,1,15,2.79,10.11,24.94,-24.92,0.30,+141.0,+221.7
NGC6789,2,4,4.07,6.18,0.92,-21.75,0.51,-3.9,-4.5
NGC6946,1,58,1.68,1.46,2.17,-24.35,0.40,+40.0,+23.5
NGC7331,1,36,0.81,1.34,25.38,-24.07,0.30,+747.5,+759.1
NGC7793,1,46,0.90,0.81,0.61,-23.93,0.63,-5.4,-15.3
NGC7814,1,18,0.55,1.62,2.94,-22.86,0.24,+18.5,+28.7
PGC51017,3,6,7.80,52.23,3.59,-26.23,0.57,-147.7,-2.4
UGC00128,1,22,3.57,6.33,35.32,-25.59,1.60,+518.7,+572.0
UGC00191,1,9,5.94,3.79,4.99,-25.12,1.05,+4.4,-1.0
UGC00634,2,4,5.53,2.33,4.49,-24.65,0.74,+3.5,-2.4
UGC00731,1,12,0.46,5.97,1.28,-25.99,6.35,-41.1,+4.5
UGC00891,2,5,9.07,24.04,8.95,-23.09,0.46,-37.5,-1.7
UGC01230,1,11,1.62,3.10,1.23,-26.69,0.70,-13.8,-3.5
UGC01281,1,25,1.08,0.26,0.35,-23.44,0.65,+4.9,-17.4
UGC02023,2,5,2.14,1.11,0.65,-24.11,0.48,+0.0,-3.1
UGC02259,2,8,1.40,7.55,5.62,-25.19,1.54,-13.2,+16.2
UGC02455,3,8,5.02,6.89,3.65,-22.27,0.33,-17.8,-2.5
UGC02487,1,17,5.24,4.30,5.37,-24.33,0.36,+11.3,+3.9
UGC02885,1,19,0.99,0.91,1.19,-24.53,0.67,+6.0,+0.8
UGC02916,2,43,11.37,11.92,11.77,-25.56,1.52,-13.8,+23.0
UGC02953,2,115,5.64,5.74,89.59,-23.85,0.12,+9222.3,+9235.9
UGC03205,1,48,3.06,3.80,14.92,-24.61,0.41,+477.9,+508.9
UGC03546,1,30,0.95,0.91,9.69,-24.64,0.42,+221.9,+216.0
UGC03580,2,47,2.33,2.42,6.35,-23.44,0.77,+166.4,+167.5
UGC04278,1,25,1.35,2.63,1.16,-23.26,0.93,-30.3,-5.9
UGC04305,3,22,1.80,2.24,1.62,-26.40,0.89,-10.4,-4.6
UGC04325,1,8,5.33,10.05,6.60,-26.35,1.58,-21.8,+8.3
UGC04483,2,8,1.18,0.86,2.00,-23.32,0.64,+5.8,+2.4
UGC04499,1,9,1.79,1.56,2.87,-24.69,0.81,+7.2,+5.0
UGC05005,1,11,0.33,0.27,0.39,-24.64,0.60,+3.0,-1.6
UGC05253,2,73,2.41,5.11,4.17,-22.96,1.44,-64.6,+117.3
UGC05414,1,6,3.95,1.24,0.57,-23.92,0.57,-0.8,-4.6
UGC05716,2,12,2.48,5.74,10.19,-24.24,2.59,+32.3,+61.7
UGC05721,1,23,1.09,1.84,5.47,-23.51,1.20,+70.3,+81.1
UGC05750,1,11,1.45,0.79,1.73,-24.47,0.73,+8.2,+1.0
UGC05764,2,10,10.57,15.19,10.84,-25.33,5.71,-39.0,+9.9
UGC05829,2,11,0.13,0.48,1.93,-25.24,0.89,+12.1,+10.4
UGC05918,2,8,0.29,1.03,4.52,-23.76,0.66,+15.0,+15.1
UGC05986,2,15,5.86,3.20,3.29,-23.52,0.46,+0.5,-25.1
UGC05999,2,5,6.56,5.41,14.97,-25.05,0.62,+5.8,+6.8
UGC06399,1,9,1.14,0.45,1.74,-23.67,0.72,+8.2,+2.0
UGC06446,1,17,0.27,0.97,0.75,-24.70,1.67,-0.9,+3.7
UGC06614,1,13,0.27,1.19,1.81,-24.07,0.57,+6.3,+10.1
UGC06628,2,7,0.26,0.94,0.98,-26.16,0.56,+1.1,+0.5
UGC06667,1,9,2.28,5.51,23.59,-23.45,1.18,+87.1,+106.7
UGC06786,1,45,0.69,1.77,10.52,-23.85,0.29,+352.2,+390.3
UGC06787,2,71,18.30,20.14,23.40,-24.31,0.72,+199.1,+350.6
UGC06818,2,8,5.84,5.09,2.76,-23.60,0.38,-12.3,-8.6
UGC06917,1,11,1.16,1.30,2.06,-24.16,0.98,+6.4,+5.0
UGC06923,2,6,3.67,1.49,1.74,-23.59,0.52,+0.8,-2.0
UGC06930,1,10,0.44,1.27,1.81,-25.00,0.83,+4.2,+6.3
UGC06973,3,9,1.80,16.57,7.11,-22.02,0.14,-52.2,+20.9
UGC06983,1,17,0.74,1.22,1.57,-24.28,1.40,+6.2,+8.7
UGC07089,2,12,0.36,0.41,0.22,-24.12,0.55,+0.5,-3.2
UGC07125,1,13,0.83,1.56,2.82,-25.46,1.02,+12.3,+16.1
UGC07151,1,11,3.61,3.68,2.33,-24.20,1.29,-10.7,-7.7
UGC07232,2,4,4.60,6.33,1.85,-22.52,0.46,-3.1,-4.1
UGC07261,2,7,0.10,0.95,1.60,-25.02,0.61,+2.9,+2.7
UGC07323,1,10,1.06,0.64,0.39,-24.17,0.61,+0.1,-5.3
UGC07399,1,10,1.60,1.82,3.99,-23.73,1.31,+13.6,+13.6
UGC07524,1,31,0.89,1.72,2.03,-24.98,2.11,+10.1,+28.4
UGC07559,2,7,1.07,2.79,0.53,-23.83,0.53,-7.6,-2.5
UGC07577,2,9,0.34,8.30,0.22,-24.99,0.53,-46.5,-2.5
UGC07603,1,12,2.13,1.54,1.02,-22.76,0.53,-3.2,-9.3
UGC07608,1,8,0.87,0.51,1.34,-23.41,0.56,+4.9,+0.6
UGC07690,2,7,0.84,1.51,1.12,-24.33,0.67,-0.7,-0.3
UGC07866,2,7,0.11,0.27,0.82,-23.68,0.55,+3.3,+0.3
UGC08286,1,17,2.86,2.65,7.82,-23.53,1.46,+67.4,+64.5
UGC08490,1,30,0.13,0.33,1.13,-23.51,1.04,+23.7,+22.7
UGC08550,1,11,1.07,1.55,9.33,-24.14,1.16,+55.3,+56.5
UGC08699,2,41,0.72,0.87,2.27,-24.21,0.52,+53.5,+53.0
UGC08837,2,8,8.24,3.11,0.77,-24.02,0.45,-10.4,-23.7
UGC09037,2,22,2.01,1.95,1.61,-23.98,0.39,-5.0,-8.3
UGC09133,1,68,7.15,7.39,39.56,-25.14,0.60,+2023.5,+2044.6
UGC09992,2,5,0.04,1.24,0.91,-25.68,0.56,+0.0,-0.7
UGC10310,1,7,1.39,1.80,0.71,-26.07,0.84,-3.1,-2.6
UGC11455,1,36,5.40,4.93,13.51,-23.99,0.26,+273.2,+261.3
UGC11557,2,12,1.58,1.29,0.79,-23.68,0.49,-2.8,-7.3
UGC11820,1,10,1.80,2.01,3.65,-25.09,1.47,+10.1,+10.6
UGC11914,1,65,0.83,1.74,1.51,-22.93,0.24,-11.6,+37.2
UGC12506,2,31,0.18,2.16,1.14,-25.11,1.59,-26.3,+22.8
UGC12632,1,15,0.43,1.79,0.58,-25.79,1.72,-12.4,-0.7
UGC12732,1,16,0.23,0.49,0.93,-25.43,1.36,+7.5,+5.8
UGCA281,3,7,1.31,0.47,1.50,-22.98,0.60,+4.5,-0.1
UGCA442,1,8,3.86,7.08,40.69,-23.12,3.53,+129.4,+149.1
UGCA444,2,36,0.07,0.36,0.69,-23.32,0.56,+13.7,+16.3
