galaxy,Q,N,chi2nu_nfw,log_c,log_M200,chi2nu_lcdm,chi2nu_mond,Yd_mond,dBIC
CamB,2,9,8.64,0.18,9.63,11.79,20.62,0.12,-84.8
D512-2,2,4,0.62,0.54,10.95,1.23,0.35,0.48,+3.0
D564-8,2,6,3.73,0.27,10.89,11.42,2.72,0.38,-0.9
D631-7,1,16,6.00,0.10,12.57,6.53,12.85,0.20,-95.6
DDO064,1,14,0.67,0.36,12.00,1.09,0.34,0.49,+7.6
DDO154,2,12,13.64,0.69,10.83,13.90,3.45,0.20,+69.4
DDO161,1,31,1.02,0.27,11.53,1.24,1.42,0.24,-6.3
DDO168,2,10,14.27,0.17,13.20,14.68,17.90,0.45,-49.4
DDO170,2,8,4.32,0.72,10.75,4.52,4.82,0.78,-7.0
ESO079-G014,1,15,4.67,0.33,12.96,4.95,3.79,0.54,+6.6
ESO116-G012,1,15,3.02,0.77,11.85,3.03,2.37,0.36,+7.2
ESO444-G084,2,7,1.49,0.74,11.49,1.75,3.33,0.42,-6.4
ESO563-G021,1,30,19.05,0.13,13.85,19.38,17.83,0.61,+1.6
F561-1,3,6,1.20,0.87,9.84,1.21,1.63,0.52,-0.1
F563-1,1,17,1.34,0.85,11.49,1.34,1.47,0.66,+1.1
F563-V1,3,6,0.99,0.52,9.08,1.61,0.91,0.46,+1.8
F563-V2,1,10,1.90,0.58,12.24,1.98,1.01,0.60,+7.1
F565-V2,2,7,0.94,0.34,12.51,1.98,0.42,0.51,+4.1
F567-2,3,5,1.78,0.78,10.31,1.76,2.27,0.55,+0.5
F568-1,1,12,1.19,0.65,12.65,1.20,1.24,0.65,+2.2
F568-3,1,18,3.88,0.12,12.58,4.34,3.07,0.46,+10.3
F568-V1,1,15,0.28,1.16,11.25,0.31,0.95,0.78,-3.2
F571-8,1,13,4.31,0.96,12.48,4.48,43.82,0.23,-398.5
F571-V1,2,7,0.78,0.49,11.50,1.04,0.26,0.49,+4.4
F574-1,1,14,2.18,0.88,11.42,2.19,2.36,0.72,-1.1
F574-2,3,5,0.13,0.53,9.34,0.40,0.08,0.48,+3.2
F579-V1,1,14,0.25,1.34,10.80,0.34,3.05,0.66,-26.0
F583-1,1,25,1.78,0.68,11.56,1.75,1.99,0.98,-1.8
F583-4,1,12,0.21,0.46,11.72,0.35,0.14,0.49,+5.2
IC2574,2,34,37.14,0.00,11.69,37.19,2.91,0.10,+993.8
IC4202,1,32,20.54,1.36,11.94,20.53,32.28,0.95,-362.7
KK98-251,2,15,1.51,0.11,10.13,4.04,1.11,0.44,+7.3
NGC0024,1,29,0.92,1.28,11.03,0.80,0.76,1.02,+9.2
NGC0055,2,21,2.84,0.28,12.23,3.00,1.49,0.18,+24.8
NGC0100,1,21,0.89,0.29,12.68,1.04,1.11,0.29,+0.5
NGC0247,2,26,2.02,0.74,11.46,2.07,3.14,0.76,-23.3
NGC0289,2,28,1.95,0.70,11.81,2.04,2.05,0.90,+0.4
NGC0300,2,25,0.74,0.74,11.58,0.74,0.89,0.40,+1.8
NGC0801,1,13,6.77,0.18,12.61,7.78,21.06,0.57,-151.3
NGC0891,1,18,3.31,1.36,11.81,4.16,7.86,0.33,-64.6
NGC1003,1,36,2.48,0.55,11.70,2.48,4.82,0.37,-75.2
NGC1090,1,24,2.72,1.03,11.67,2.75,2.50,0.75,+5.7
NGC1705,3,14,0.15,1.58,10.30,0.44,0.39,1.23,+2.4
NGC2366,3,26,3.50,0.38,11.61,3.66,1.83,0.26,+37.8
NGC2403,1,73,8.97,1.27,11.40,9.02,13.91,0.50,-355.3
NGC2683,2,11,1.50,1.30,11.50,1.79,2.83,0.53,-7.5
NGC2841,1,50,1.48,0.75,12.59,1.48,1.52,0.76,+3.1
NGC2903,1,34,6.34,1.68,11.42,6.52,8.84,0.26,-83.1
NGC2915,2,30,0.97,1.21,10.87,1.01,2.26,0.81,-30.1
NGC2955,1,24,4.02,1.09,12.30,4.19,4.13,0.35,-3.8
NGC2976,2,27,0.84,0.25,9.70,1.20,1.30,0.35,-6.2
NGC2998,1,13,3.05,1.13,11.91,3.40,3.50,0.83,-5.4
NGC3109,1,25,9.91,0.04,12.74,10.57,3.88,0.23,+119.4
NGC3198,1,43,1.46,1.02,11.63,1.46,2.10,0.74,-21.0
NGC3521,1,41,0.25,0.39,13.40,0.29,0.51,0.42,-3.1
NGC3726,2,12,2.73,0.24,12.71,3.34,2.95,0.46,-2.5
NGC3741,1,21,0.41,0.54,11.23,0.52,0.74,0.32,-0.6
NGC3769,2,12,0.94,1.03,11.36,0.98,0.96,0.41,+2.9
NGC3877,2,13,5.91,1.28,11.50,6.34,8.75,0.45,-35.1
NGC3893,1,10,1.01,1.21,11.72,1.50,1.07,0.43,+2.2
NGC3917,1,17,3.34,0.26,12.39,4.11,3.25,0.60,+0.2
NGC3949,2,7,0.75,0.62,12.62,0.74,0.58,0.43,+3.1
NGC3953,1,8,0.51,1.10,11.46,0.89,3.21,0.57,-10.4
NGC3972,1,10,1.80,0.52,12.86,1.81,1.76,0.50,+1.2
NGC3992,1,9,0.72,1.22,12.04,1.08,3.21,0.75,-12.0
NGC4010,2,12,3.09,0.35,13.06,3.21,2.60,0.37,+3.2
NGC4013,2,36,0.80,0.23,12.97,0.97,1.74,0.32,-24.5
NGC4051,2,7,1.72,1.02,11.02,2.04,2.52,0.44,-2.7
NGC4068,2,6,7.17,0.30,11.15,13.20,1.89,0.40,+5.1
NGC4085,2,7,9.80,0.50,13.39,9.87,6.64,0.36,-3.1
NGC4088,1,12,0.58,0.32,12.84,0.68,0.68,0.38,+2.9
NGC4100,1,24,0.99,1.27,11.52,1.08,1.63,0.71,-8.9
NGC4138,2,7,4.49,1.38,11.24,5.98,2.29,0.53,+1.5
NGC4157,1,17,0.49,0.37,12.87,0.59,0.72,0.42,+1.6
NGC4183,1,23,0.20,1.07,11.13,0.20,1.13,0.82,-12.9
NGC4214,2,14,0.66,1.55,10.89,0.97,1.23,0.46,-2.3
NGC4217,1,19,3.68,0.95,12.18,3.55,2.62,1.01,+14.4
NGC4389,3,6,21.89,0.30,12.51,21.84,7.85,0.30,+1.9
NGC4559,1,32,0.24,1.07,11.35,0.27,0.50,0.51,-0.9
NGC5005,1,18,0.10,0.65,12.97,0.10,0.11,0.51,+5.5
NGC5033,1,22,3.51,1.43,11.78,3.44,7.89,0.96,-79.7
NGC5055,1,28,2.58,1.11,11.74,2.53,8.17,0.51,-138.1
NGC5371,1,19,5.06,1.55,11.64,5.17,12.29,2.43,-119.9
NGC5585,1,24,6.65,0.97,11.40,6.66,6.79,0.23,-10.0
NGC5907,1,19,5.24,1.38,11.87,5.73,17.01,0.61,-193.0
NGC5985,1,33,1.92,1.75,11.95,2.49,7.10,0.55,-147.0
NGC6015,2,44,8.76,1.35,11.40,8.87,10.75,1.06,-91.5
NGC6195,1,23,2.08,0.28,13.20,2.10,2.20,0.31,-0.1
NGC6503,1,31,1.55,1.16,11.22,1.56,3.09,0.44,-39.4
NGC6674,1,15,2.90,0.04,12.89,4.17,10.11,0.89,-79.6
NGC6789,2,4,4.07,0.78,12.64,4.23,6.18,0.63,+0.7
NGC6946,1,58,1.68,1.02,11.69,1.68,1.46,0.58,+16.5
NGC7331,1,36,0.81,0.86,12.39,0.80,1.34,0.29,-11.6
NGC7793,1,46,0.90,0.68,11.31,0.92,0.81,0.55,+9.8
NGC7814,1,18,0.55,1.23,11.90,0.64,1.62,1.18,-10.2
PGC51017,3,6,7.80,0.27,8.78,7.55,52.73,0.15,-146.8
UGC00128,1,22,3.57,0.96,11.60,3.57,6.33,2.47,-53.3
UGC00191,1,9,5.94,0.89,10.95,6.06,3.79,1.14,+5.4
UGC00634,2,4,5.53,0.66,11.48,6.90,2.33,0.48,+6.0
UGC00731,1,12,0.46,1.00,10.79,0.44,5.97,2.60,-45.6
UGC00891,2,5,9.07,0.20,12.39,10.96,24.04,0.34,-35.8
UGC01230,1,11,1.62,0.82,10.53,1.62,3.10,0.78,-10.3
UGC01281,1,25,1.08,0.21,12.44,1.46,0.25,0.41,+22.4
UGC02023,2,5,2.14,0.48,10.78,2.42,1.11,0.49,+3.1
UGC02259,2,8,1.40,1.31,10.71,1.60,7.55,1.21,-29.4
UGC02455,3,8,6.63,0.50,12.96,6.82,6.89,0.30,-10.4
UGC02487,1,17,5.24,1.08,12.43,5.12,4.30,1.66,+7.4
UGC02885,1,19,0.99,0.65,12.74,1.00,0.91,0.45,+5.1
UGC02916,2,43,11.37,1.22,11.90,11.38,11.92,1.36,-36.8
UGC02953,2,115,5.64,1.02,12.30,5.63,5.74,0.53,-13.6
UGC03205,1,48,3.07,1.73,11.62,3.59,3.80,0.64,-30.8
UGC03546,1,30,0.95,1.25,11.76,0.98,0.91,0.64,+6.0
UGC03580,2,47,2.33,1.12,11.50,2.33,2.42,0.28,-1.1
UGC04278,1,25,1.35,0.18,13.31,1.51,2.63,0.56,-24.4
UGC04305,3,22,1.80,0.92,9.07,1.85,2.24,0.83,-5.8
UGC04325,1,8,5.33,1.23,10.78,5.09,10.05,1.00,-30.1
UGC04483,2,8,1.18,0.64,10.59,1.39,0.86,0.43,+3.4
UGC04499,1,9,1.79,0.75,11.11,1.78,1.56,0.53,+2.2
UGC05005,1,11,0.33,0.28,12.03,0.44,0.27,0.46,+4.6
UGC05253,2,73,2.41,1.35,12.09,2.48,5.11,0.53,-182.0
UGC05414,1,6,3.95,0.29,12.31,5.83,1.24,0.41,+3.8
UGC05716,2,12,2.48,0.91,10.74,2.55,5.74,1.39,-29.3
UGC05721,1,23,1.09,1.46,10.55,1.19,1.84,0.64,-10.9
UGC05750,1,11,1.45,0.29,11.57,2.12,0.79,0.49,+7.2
UGC05764,2,10,10.57,1.23,10.19,10.47,17.34,3.02,-63.9
UGC05829,2,11,0.13,0.36,11.85,0.49,0.48,0.63,+1.7
UGC05918,2,8,0.29,0.78,10.63,0.40,1.03,0.53,-0.1
UGC05986,2,15,5.86,0.30,12.75,6.65,3.20,0.33,+25.7
UGC05999,2,5,6.56,0.52,12.36,6.11,5.41,0.49,-1.0
UGC06399,1,9,1.14,0.57,12.07,1.33,0.45,0.53,+6.3
UGC06446,1,17,0.27,1.16,10.78,0.28,0.97,1.03,-4.7
UGC06614,1,13,0.27,0.57,12.79,0.29,1.19,0.50,-3.7
UGC06628,2,7,0.26,1.00,9.70,0.37,0.94,0.51,+0.6
UGC06667,1,9,2.28,0.79,11.58,2.36,5.51,1.11,-19.5
UGC06786,1,45,0.69,1.39,11.94,0.82,1.75,0.32,-37.2
UGC06787,2,71,18.35,0.02,13.46,18.59,20.15,0.46,-148.7
UGC06818,2,8,5.84,0.24,12.53,7.18,5.09,0.31,-3.7
UGC06917,1,11,1.16,0.88,11.55,1.15,1.30,0.54,+1.4
UGC06923,2,6,3.67,0.48,12.38,4.17,1.49,0.42,+2.8
UGC06930,1,10,0.44,1.00,11.17,0.44,1.27,0.63,-2.1
UGC06973,3,9,2.30,1.07,12.49,3.30,16.57,0.16,-71.5
UGC06983,1,17,0.74,1.11,11.19,0.76,1.22,0.78,-2.5
UGC07089,2,12,0.36,0.23,12.26,0.97,0.41,0.36,+3.8
UGC07125,1,13,0.83,0.81,10.65,0.69,1.56,0.91,-3.8
UGC07151,1,11,3.61,0.76,11.14,3.83,3.68,0.51,-3.0
UGC07232,2,4,4.60,0.52,12.57,5.36,6.33,0.47,+1.0
UGC07261,2,7,0.10,1.09,10.62,0.20,0.95,0.56,+0.3
UGC07323,1,10,1.06,0.24,12.74,1.42,0.64,0.41,+5.4
UGC07399,1,10,1.60,1.25,11.13,1.70,1.82,0.64,-0.1
UGC07524,1,31,0.89,0.75,11.27,0.89,1.72,0.80,-18.4
UGC07559,2,7,1.07,0.42,10.88,3.36,2.79,0.30,-5.1
UGC07577,2,9,0.34,0.24,9.16,1.92,8.29,0.23,-44.0
UGC07603,1,12,2.13,0.85,11.16,2.15,1.54,0.35,+6.1
UGC07608,1,8,0.87,0.48,12.19,1.12,0.51,0.50,+4.2
UGC07690,2,7,0.84,1.28,9.98,0.95,1.51,0.60,-0.5
UGC07866,2,7,0.11,0.55,10.67,0.68,0.27,0.45,+3.0
UGC08286,1,17,2.86,1.17,10.82,2.81,2.65,1.07,+2.9
UGC08490,1,30,0.13,1.33,10.61,0.14,0.33,0.86,+1.0
UGC08550,1,11,1.07,1.04,10.45,1.08,1.55,0.73,-1.2
UGC08699,2,41,0.72,0.76,12.08,0.75,0.87,0.60,+0.5
UGC08837,2,8,8.24,0.16,11.37,12.53,3.07,0.18,+13.5
UGC09037,2,22,2.01,0.66,12.33,1.90,1.95,0.21,+3.3
UGC09133,1,68,7.15,0.72,12.22,7.16,7.39,1.46,-21.2
UGC09992,2,5,0.04,0.83,9.47,0.17,1.24,0.50,+0.8
UGC10310,1,7,1.39,0.88,10.73,1.42,1.80,0.63,-0.5
UGC11455,1,36,5.40,0.20,13.52,5.53,4.93,0.39,+11.9
UGC11557,2,12,1.58,0.36,12.33,1.68,1.29,0.46,+4.4
UGC11820,1,10,1.80,0.72,11.33,1.87,2.01,1.01,-0.4
UGC11914,1,65,0.83,0.65,13.90,0.84,1.75,0.19,-49.1
UGC12506,2,31,0.18,1.30,12.02,0.24,2.16,1.14,-49.1
UGC12632,1,15,0.43,0.96,10.75,0.43,1.79,1.11,-11.7
UGC12732,1,16,0.23,0.82,11.11,0.30,0.49,1.06,+1.7
UGCA281,3,7,1.31,0.49,11.73,1.80,0.47,0.37,+4.6
UGCA442,1,8,3.86,0.55,11.28,4.73,7.08,0.45,-19.7
UGCA444,2,36,0.07,0.33,11.71,0.21,0.36,0.49,-2.6
